instant,dteday,season,year,month,holiday,day,weather,temp(°C),feels_like(°C),humidity,wind_speed,casual,registered,count_rental,category_day
1,2011-01-01,Spring,2011,Jan,0,Saturday,Misty,14.11,18.18,80.58,0.160446,331,654,985,Weekend
2,2011-01-02,Spring,2011,Jan,0,Sunday,Misty,14.9,17.69,69.61,0.248539,131,670,801,Weekend
3,2011-01-03,Spring,2011,Jan,0,Monday,Clear,8.05,9.47,43.73,0.248309,120,1229,1349,Weekday
4,2011-01-04,Spring,2011,Jan,0,Tuesday,Clear,8.2,10.61,59.04,0.160296,108,1454,1562,Weekday
5,2011-01-05,Spring,2011,Jan,0,Wednesday,Clear,9.31,11.46,43.7,0.1869,82,1518,1600,Weekday
6,2011-01-06,Spring,2011,Jan,0,Thursday,Clear,8.38,11.66,51.83,0.0895652,88,1518,1606,Weekday
7,2011-01-07,Spring,2011,Jan,0,Friday,Misty,8.06,10.44,49.87,0.168726,148,1362,1510,Weekday
8,2011-01-08,Spring,2011,Jan,0,Saturday,Misty,6.76,8.11,53.58,0.266804,68,891,959,Weekend
9,2011-01-09,Spring,2011,Jan,0,Sunday,Clear,5.67,5.81,43.42,0.36195,54,768,822,Weekend
10,2011-01-10,Spring,2011,Jan,0,Monday,Clear,6.18,7.54,48.29,0.223267,41,1280,1321,Weekday
11,2011-01-11,Spring,2011,Jan,0,Tuesday,Misty,6.93,9.57,68.64,0.122132,43,1220,1263,Weekday
12,2011-01-12,Spring,2011,Jan,0,Wednesday,Clear,7.08,8.02,59.95,0.304627,25,1137,1162,Weekday
13,2011-01-13,Spring,2011,Jan,0,Thursday,Clear,6.76,7.54,47.04,0.301,38,1368,1406,Weekday
14,2011-01-14,Spring,2011,Jan,0,Friday,Clear,6.6,9.42,53.78,0.126548,54,1367,1421,Weekday
15,2011-01-15,Spring,2011,Jan,0,Saturday,Misty,9.57,12.41,49.88,0.157963,222,1026,1248,Weekend
16,2011-01-16,Spring,2011,Jan,0,Sunday,Clear,9.5,11.71,48.38,0.188433,251,953,1204,Weekend
17,2011-01-17,Spring,2011,Jan,1,Monday,Misty,7.21,8.84,53.75,0.194017,117,883,1000,Weekday
18,2011-01-18,Spring,2011,Jan,0,Tuesday,Misty,8.88,11.62,86.17,0.146775,9,674,683,Weekday
19,2011-01-19,Spring,2011,Jan,0,Wednesday,Misty,11.98,14.92,74.17,0.208317,78,1572,1650,Weekday
20,2011-01-20,Spring,2011,Jan,0,Thursday,Misty,10.73,12.75,53.83,0.195904,83,1844,1927,Weekday
21,2011-01-21,Spring,2011,Jan,0,Friday,Clear,7.28,7.89,45.71,0.353242,75,1468,1543,Weekday
22,2011-01-22,Spring,2011,Jan,0,Saturday,Clear,2.42,3.95,40.0,0.17197,93,888,981,Weekend
23,2011-01-23,Spring,2011,Jan,0,Sunday,Clear,3.96,4.94,43.65,0.2466,150,836,986,Weekend
24,2011-01-24,Spring,2011,Jan,0,Monday,Clear,3.99,5.9,49.17,0.15833,86,1330,1416,Weekday
25,2011-01-25,Spring,2011,Jan,0,Tuesday,Misty,9.16,11.73,61.7,0.129796,186,1799,1985,Weekday
26,2011-01-26,Spring,2011,Jan,0,Wednesday,Light_Rain,8.92,10.18,86.25,0.29385,34,472,506,Weekday
27,2011-01-27,Spring,2011,Jan,0,Thursday,Clear,8.0,10.98,68.75,0.113837,15,416,431,Weekday
28,2011-01-28,Spring,2011,Jan,0,Friday,Misty,8.34,11.17,79.3,0.1233,38,1129,1167,Weekday
29,2011-01-29,Spring,2011,Jan,0,Saturday,Clear,8.06,10.61,65.17,0.145365,123,975,1098,Weekend
30,2011-01-30,Spring,2011,Jan,0,Sunday,Clear,8.88,12.52,72.22,0.0739826,140,956,1096,Weekend
31,2011-01-31,Spring,2011,Jan,0,Monday,Misty,7.41,9.31,60.38,0.187192,42,1459,1501,Weekday
32,2011-02-01,Spring,2011,Feb,0,Tuesday,Misty,7.88,11.73,82.96,0.053213,47,1313,1360,Weekday
33,2011-02-02,Spring,2011,Feb,0,Wednesday,Misty,10.66,12.72,77.54,0.264308,72,1454,1526,Weekday
34,2011-02-03,Spring,2011,Feb,0,Thursday,Clear,7.67,8.89,43.78,0.277752,61,1489,1550,Weekday
35,2011-02-04,Spring,2011,Feb,0,Friday,Misty,8.66,11.43,58.52,0.127839,88,1620,1708,Weekday
36,2011-02-05,Spring,2011,Feb,0,Saturday,Misty,9.57,12.15,92.92,0.161079,100,905,1005,Weekend
37,2011-02-06,Spring,2011,Feb,0,Sunday,Clear,11.72,14.58,56.83,0.1418,354,1269,1623,Weekend
38,2011-02-07,Spring,2011,Feb,0,Monday,Clear,11.14,15.18,73.83,0.0454083,120,1592,1712,Weekday
39,2011-02-08,Spring,2011,Feb,0,Tuesday,Clear,9.05,9.91,53.79,0.36195,64,1466,1530,Weekday
40,2011-02-09,Spring,2011,Feb,0,Wednesday,Misty,5.53,7.21,49.48,0.188839,53,1552,1605,Weekday
41,2011-02-10,Spring,2011,Feb,0,Thursday,Clear,5.92,7.48,43.74,0.221935,47,1491,1538,Weekday
42,2011-02-11,Spring,2011,Feb,0,Friday,Clear,7.75,10.68,50.64,0.10855,149,1597,1746,Weekday
43,2011-02-12,Spring,2011,Feb,0,Saturday,Clear,9.12,11.65,54.42,0.203367,288,1184,1472,Weekend
44,2011-02-13,Spring,2011,Feb,0,Sunday,Clear,12.98,16.21,45.74,0.260883,397,1192,1589,Weekend
45,2011-02-14,Spring,2011,Feb,0,Monday,Clear,17.02,19.92,37.58,0.417908,208,1705,1913,Weekday
46,2011-02-15,Spring,2011,Feb,0,Tuesday,Clear,10.91,12.71,31.43,0.291374,140,1675,1815,Weekday
47,2011-02-16,Spring,2011,Feb,0,Wednesday,Clear,13.05,15.81,42.35,0.251791,218,1897,2115,Weekday
48,2011-02-17,Spring,2011,Feb,0,Thursday,Clear,17.87,21.43,50.5,0.230104,259,2216,2475,Weekday
49,2011-02-18,Spring,2011,Feb,0,Friday,Clear,21.39,25.6,51.67,0.264925,579,2348,2927,Weekday
50,2011-02-19,Spring,2011,Feb,0,Saturday,Clear,16.37,19.57,18.79,0.507463,532,1103,1635,Weekend
51,2011-02-20,Spring,2011,Feb,0,Sunday,Clear,11.69,13.87,40.78,0.223235,639,1173,1812,Weekend
52,2011-02-21,Spring,2011,Feb,1,Monday,Misty,12.44,14.2,60.5,0.307846,195,912,1107,Weekday
53,2011-02-22,Spring,2011,Feb,0,Tuesday,Clear,7.47,9.3,57.78,0.195683,74,1376,1450,Weekday
54,2011-02-23,Spring,2011,Feb,0,Wednesday,Clear,9.09,12.29,42.3,0.094113,139,1778,1917,Weekday
55,2011-02-24,Spring,2011,Feb,0,Thursday,Misty,12.12,14.46,69.74,0.250496,100,1707,1807,Weekday
56,2011-02-25,Spring,2011,Feb,0,Friday,Misty,14.94,17.52,71.22,0.346539,120,1341,1461,Weekday
57,2011-02-26,Spring,2011,Feb,0,Saturday,Clear,11.58,14.11,53.79,0.186571,424,1545,1969,Weekend
58,2011-02-27,Spring,2011,Feb,0,Sunday,Clear,14.08,17.56,68.0,0.125248,694,1708,2402,Weekend
59,2011-02-28,Spring,2011,Feb,0,Monday,Misty,16.7,20.01,87.64,0.289686,81,1365,1446,Weekday
60,2011-03-01,Spring,2011,Mar,0,Tuesday,Clear,10.93,13.19,53.5,0.216425,137,1714,1851,Weekday
61,2011-03-02,Spring,2011,Mar,0,Wednesday,Clear,13.74,16.0,44.96,0.307833,231,1903,2134,Weekday
62,2011-03-03,Spring,2011,Mar,0,Thursday,Clear,8.13,10.01,31.83,0.225754,123,1562,1685,Weekday
63,2011-03-04,Spring,2011,Mar,0,Friday,Misty,10.73,12.78,61.04,0.203346,214,1730,1944,Weekday
64,2011-03-05,Spring,2011,Mar,0,Saturday,Misty,15.75,18.94,78.92,0.251871,640,1437,2077,Weekend
65,2011-03-06,Spring,2011,Mar,0,Sunday,Misty,15.44,18.31,94.83,0.343287,114,491,605,Weekend
66,2011-03-07,Spring,2011,Mar,0,Monday,Clear,10.73,11.92,55.13,0.341352,244,1628,1872,Weekday
67,2011-03-08,Spring,2011,Mar,0,Tuesday,Clear,11.99,15.12,42.08,0.12065,316,1817,2133,Weekday
68,2011-03-09,Spring,2011,Mar,0,Wednesday,Misty,12.13,14.33,77.54,0.22015,191,1700,1891,Weekday
69,2011-03-10,Spring,2011,Mar,0,Thursday,Light_Rain,15.95,19.28,0.0,0.261877,46,577,623,Weekday
70,2011-03-11,Spring,2011,Mar,0,Friday,Misty,12.98,15.25,64.96,0.23297,247,1730,1977,Weekday
71,2011-03-12,Spring,2011,Mar,0,Saturday,Clear,13.5,16.29,59.46,0.220775,724,1408,2132,Weekend
72,2011-03-13,Spring,2011,Mar,0,Sunday,Clear,15.76,19.0,52.74,0.270604,982,1435,2417,Weekend
73,2011-03-14,Spring,2011,Mar,0,Monday,Clear,13.33,16.6,49.7,0.136926,359,1687,2046,Weekday
74,2011-03-15,Spring,2011,Mar,0,Tuesday,Misty,13.01,15.91,65.57,0.184309,289,1767,2056,Weekday
75,2011-03-16,Spring,2011,Mar,0,Wednesday,Misty,14.97,18.35,77.65,0.203117,321,1871,2192,Weekday
76,2011-03-17,Spring,2011,Mar,0,Thursday,Clear,17.02,20.52,60.29,0.209579,424,2320,2744,Weekday
77,2011-03-18,Spring,2011,Mar,0,Friday,Clear,22.14,26.35,52.52,0.231017,884,2355,3239,Weekday
78,2011-03-19,Spring,2011,Mar,0,Saturday,Clear,19.37,23.33,37.92,0.368167,1424,1693,3117,Weekend
79,2011-03-20,Spring,2011,Mar,0,Sunday,Clear,13.63,16.29,47.38,0.207721,1047,1424,2471,Weekend
80,2011-03-21,Summer,2011,Mar,0,Monday,Misty,17.65,20.49,73.74,0.288783,401,1676,2077,Weekday
81,2011-03-22,Summer,2011,Mar,0,Tuesday,Clear,18.11,22.03,62.46,0.22575,460,2243,2703,Weekday
82,2011-03-23,Summer,2011,Mar,0,Wednesday,Misty,14.23,16.9,83.96,0.234261,203,1918,2121,Weekday
83,2011-03-24,Summer,2011,Mar,0,Thursday,Misty,11.68,13.54,80.58,0.243787,166,1699,1865,Weekday
84,2011-03-25,Summer,2011,Mar,0,Friday,Clear,10.83,12.82,49.5,0.230725,300,1910,2210,Weekday
85,2011-03-26,Summer,2011,Mar,0,Saturday,Clear,10.9,12.88,39.42,0.209571,981,1515,2496,Weekend
86,2011-03-27,Summer,2011,Mar,0,Sunday,Misty,10.37,12.52,49.39,0.1843,472,1221,1693,Weekend
87,2011-03-28,Summer,2011,Mar,0,Monday,Clear,10.84,12.88,30.22,0.212204,222,1806,2028,Weekday
88,2011-03-29,Summer,2011,Mar,0,Tuesday,Clear,12.4,14.65,31.42,0.226996,317,2108,2425,Weekday
89,2011-03-30,Summer,2011,Mar,0,Wednesday,Misty,12.3,14.87,64.67,0.172888,168,1368,1536,Weekday
90,2011-03-31,Summer,2011,Mar,0,Thursday,Light_Rain,11.0,12.88,91.83,0.217646,179,1506,1685,Weekday
91,2011-04-01,Summer,2011,Apr,0,Friday,Misty,12.3,14.17,68.62,0.258708,307,1920,2227,Weekday
92,2011-04-02,Summer,2011,Apr,0,Saturday,Misty,12.92,15.78,65.38,0.197146,898,1354,2252,Weekend
93,2011-04-03,Summer,2011,Apr,0,Sunday,Clear,15.51,18.94,48.0,0.182213,1651,1598,3249,Weekend
94,2011-04-04,Summer,2011,Apr,0,Monday,Clear,23.51,27.15,42.62,0.385571,734,2381,3115,Weekday
95,2011-04-05,Summer,2011,Apr,0,Tuesday,Misty,16.98,19.92,64.21,0.388067,167,1628,1795,Weekday
96,2011-04-06,Summer,2011,Apr,0,Wednesday,Clear,16.02,19.38,47.08,0.263063,413,2395,2808,Weekday
97,2011-04-07,Summer,2011,Apr,0,Thursday,Clear,17.94,21.68,60.29,0.162312,571,2570,3141,Weekday
98,2011-04-08,Summer,2011,Apr,0,Friday,Misty,13.77,16.22,83.62,0.226992,172,1299,1471,Weekday
99,2011-04-09,Summer,2011,Apr,0,Saturday,Misty,14.04,17.08,87.75,0.133083,879,1576,2455,Weekend
100,2011-04-10,Summer,2011,Apr,0,Sunday,Misty,17.49,21.34,85.75,0.146767,1188,1707,2895,Weekend
101,2011-04-11,Summer,2011,Apr,0,Monday,Misty,24.42,28.26,71.7,0.324474,855,2493,3348,Weekday
102,2011-04-12,Summer,2011,Apr,0,Tuesday,Misty,20.6,24.65,73.92,0.274879,257,1777,2034,Weekday
103,2011-04-13,Summer,2011,Apr,0,Wednesday,Misty,16.91,20.86,81.92,0.250617,209,1953,2162,Weekday
104,2011-04-14,Summer,2011,Apr,0,Thursday,Clear,19.17,23.14,54.04,0.1107,529,2738,3267,Weekday
105,2011-04-15,Summer,2011,Apr,1,Friday,Clear,18.31,22.1,67.12,0.226375,642,2484,3126,Weekday
106,2011-04-16,Summer,2011,Apr,0,Saturday,Light_Rain,17.66,21.27,88.83,0.340808,121,674,795,Weekend
107,2011-04-17,Summer,2011,Apr,0,Sunday,Clear,18.72,22.28,47.96,0.303496,1558,2186,3744,Weekend
108,2011-04-18,Summer,2011,Apr,0,Monday,Clear,21.01,25.16,54.25,0.163567,669,2760,3429,Weekday
109,2011-04-19,Summer,2011,Apr,0,Tuesday,Misty,20.74,24.46,66.58,0.157971,409,2795,3204,Weekday
110,2011-04-20,Summer,2011,Apr,0,Wednesday,Clear,24.4,28.22,61.42,0.241925,613,3331,3944,Weekday
111,2011-04-21,Summer,2011,Apr,0,Thursday,Clear,18.83,22.69,40.71,0.325258,745,3444,4189,Weekday
112,2011-04-22,Summer,2011,Apr,0,Friday,Misty,13.8,16.1,72.96,0.219521,177,1506,1683,Weekday
113,2011-04-23,Summer,2011,Apr,0,Saturday,Misty,18.86,22.51,88.79,0.230725,1462,2574,4036,Weekend
114,2011-04-24,Summer,2011,Apr,0,Sunday,Misty,23.85,27.59,81.08,0.192175,1710,2481,4191,Weekend
115,2011-04-25,Summer,2011,Apr,0,Monday,Clear,24.87,28.72,77.67,0.185333,773,3300,4073,Weekday
116,2011-04-26,Summer,2011,Apr,0,Tuesday,Clear,25.9,29.7,72.92,0.3265,678,3722,4400,Weekday
117,2011-04-27,Summer,2011,Apr,0,Wednesday,Misty,25.42,28.76,83.54,0.3122,547,3325,3872,Weekday
118,2011-04-28,Summer,2011,Apr,0,Thursday,Misty,25.32,28.95,70.08,0.320908,569,3489,4058,Weekday
119,2011-04-29,Summer,2011,Apr,0,Friday,Clear,20.91,24.87,45.71,0.240063,878,3717,4595,Weekday
120,2011-04-30,Summer,2011,Apr,0,Saturday,Clear,19.37,23.2,50.33,0.235075,1965,3347,5312,Weekend
121,2011-05-01,Summer,2011,May,0,Sunday,Misty,18.52,22.41,76.21,0.106354,1138,2213,3351,Weekend
122,2011-05-02,Summer,2011,May,0,Monday,Misty,22.52,26.64,73.0,0.183454,847,3554,4401,Weekday
123,2011-05-03,Summer,2011,May,0,Tuesday,Misty,25.28,29.1,69.71,0.342667,603,3848,4451,Weekday
124,2011-05-04,Summer,2011,May,0,Wednesday,Misty,16.98,20.23,73.71,0.328996,255,2378,2633,Weekday
125,2011-05-05,Summer,2011,May,0,Thursday,Clear,18.83,22.1,44.42,0.295392,614,3819,4433,Weekday
126,2011-05-06,Summer,2011,May,0,Friday,Clear,19.65,23.71,59.0,0.228246,894,3714,4608,Weekday
127,2011-05-07,Summer,2011,May,0,Saturday,Clear,21.32,25.63,54.12,0.16045,1612,3102,4714,Weekend
128,2011-05-08,Summer,2011,May,0,Sunday,Clear,21.66,25.95,63.17,0.0746375,1401,2932,4333,Weekend
129,2011-05-09,Summer,2011,May,0,Monday,Clear,21.83,26.26,58.88,0.176,664,3698,4362,Weekday
130,2011-05-10,Summer,2011,May,0,Tuesday,Clear,21.83,26.14,48.92,0.115671,694,4109,4803,Weekday
131,2011-05-11,Summer,2011,May,0,Wednesday,Clear,22.24,26.42,63.29,0.120642,550,3632,4182,Weekday
132,2011-05-12,Summer,2011,May,0,Thursday,Clear,21.94,26.17,74.75,0.189667,695,4169,4864,Weekday
133,2011-05-13,Summer,2011,May,0,Friday,Misty,21.01,24.72,86.33,0.179725,692,3413,4105,Weekday
134,2011-05-14,Summer,2011,May,0,Saturday,Misty,21.35,25.03,92.25,0.13495,902,2507,3409,Weekend
135,2011-05-15,Summer,2011,May,0,Sunday,Misty,23.06,26.8,86.71,0.152979,1582,2971,4553,Weekend
136,2011-05-16,Summer,2011,May,0,Monday,Clear,23.68,27.53,78.79,0.126871,773,3185,3958,Weekday
137,2011-05-17,Summer,2011,May,0,Tuesday,Misty,23.03,26.93,83.79,0.277354,678,3445,4123,Weekday
138,2011-05-18,Summer,2011,May,0,Wednesday,Misty,22.55,26.36,87.0,0.201492,536,3319,3855,Weekday
139,2011-05-19,Summer,2011,May,0,Thursday,Misty,21.76,25.54,82.96,0.108213,735,3840,4575,Weekday
140,2011-05-20,Summer,2011,May,0,Friday,Clear,22.0,26.45,71.96,0.125013,909,4008,4917,Weekday
141,2011-05-21,Summer,2011,May,0,Saturday,Clear,24.7,28.6,62.67,0.12065,2258,3547,5805,Weekend
142,2011-05-22,Summer,2011,May,0,Sunday,Clear,24.77,28.72,74.96,0.148008,1576,3084,4660,Weekend
143,2011-05-23,Summer,2011,May,0,Monday,Misty,25.9,29.51,81.0,0.233842,836,3438,4274,Weekday
144,2011-05-24,Summer,2011,May,0,Tuesday,Misty,27.06,30.24,74.08,0.207092,659,3833,4492,Weekday
145,2011-05-25,Summer,2011,May,0,Wednesday,Clear,27.09,30.78,69.62,0.154233,740,4238,4978,Weekday
146,2011-05-26,Summer,2011,May,0,Thursday,Clear,29.04,32.73,67.75,0.199642,758,3919,4677,Weekday
147,2011-05-27,Summer,2011,May,0,Friday,Clear,27.95,31.85,65.38,0.240679,871,3808,4679,Weekday
148,2011-05-28,Summer,2011,May,0,Saturday,Clear,26.89,30.62,72.96,0.230092,2001,2757,4758,Weekend
149,2011-05-29,Summer,2011,May,0,Sunday,Clear,27.37,30.78,81.88,0.213938,2355,2433,4788,Weekend
150,2011-05-30,Summer,2011,May,1,Monday,Clear,30.07,33.55,68.5,0.131225,1549,2549,4098,Weekday
151,2011-05-31,Summer,2011,May,0,Tuesday,Clear,31.78,36.27,63.67,0.111329,673,3309,3982,Weekday
152,2011-06-01,Summer,2011,Jun,0,Wednesday,Misty,31.33,36.05,67.71,0.207092,513,3461,3974,Weekday
153,2011-06-02,Summer,2011,Jun,0,Thursday,Clear,29.32,32.2,30.5,0.292287,736,4232,4968,Weekday
154,2011-06-03,Summer,2011,Jun,0,Friday,Clear,25.42,29.36,35.42,0.253121,898,4414,5312,Weekday
155,2011-06-04,Summer,2011,Jun,0,Saturday,Clear,26.04,29.73,45.62,0.123142,1869,3473,5342,Weekend
156,2011-06-05,Summer,2011,Jun,0,Sunday,Misty,26.58,30.84,65.25,0.138692,1685,3221,4906,Weekend
157,2011-06-06,Summer,2011,Jun,0,Monday,Clear,27.81,31.09,60.0,0.121896,673,3875,4548,Weekday
158,2011-06-07,Summer,2011,Jun,0,Tuesday,Clear,29.01,32.8,59.79,0.187808,763,4070,4833,Weekday
159,2011-06-08,Summer,2011,Jun,0,Wednesday,Clear,31.81,36.36,62.21,0.136817,676,3725,4401,Weekday
160,2011-06-09,Summer,2011,Jun,0,Thursday,Misty,33.14,37.88,56.83,0.149883,563,3352,3915,Weekday
161,2011-06-10,Summer,2011,Jun,0,Friday,Clear,30.96,35.16,60.5,0.140554,815,3771,4586,Weekday
162,2011-06-11,Summer,2011,Jun,0,Saturday,Clear,29.72,33.9,65.46,0.15485,1729,3237,4966,Weekend
163,2011-06-12,Summer,2011,Jun,0,Sunday,Clear,28.39,32.17,74.79,0.163567,1467,2993,4460,Weekend
164,2011-06-13,Summer,2011,Jun,0,Monday,Clear,26.04,30.08,49.46,0.30535,863,4157,5020,Weekday
165,2011-06-14,Summer,2011,Jun,0,Tuesday,Clear,24.77,29.58,50.71,0.269283,727,4164,4891,Weekday
166,2011-06-15,Summer,2011,Jun,0,Wednesday,Clear,25.69,29.39,47.17,0.167912,769,4411,5180,Weekday
167,2011-06-16,Summer,2011,Jun,0,Thursday,Misty,25.76,29.77,68.83,0.206471,545,3222,3767,Weekday
168,2011-06-17,Summer,2011,Jun,0,Friday,Clear,26.62,30.02,73.58,0.143029,863,3981,4844,Weekday
169,2011-06-18,Summer,2011,Jun,0,Saturday,Clear,28.56,32.2,67.04,0.119408,1807,3312,5119,Weekend
170,2011-06-19,Summer,2011,Jun,0,Sunday,Misty,28.67,32.29,66.67,0.102,1639,3105,4744,Weekend
171,2011-06-20,Summer,2011,Jun,0,Monday,Misty,26.04,29.77,74.62,0.155475,699,3311,4010,Weekday
172,2011-06-21,Fall,2011,Jun,0,Tuesday,Misty,27.91,31.88,77.04,0.171025,774,4061,4835,Weekday
173,2011-06-22,Fall,2011,Jun,0,Wednesday,Clear,30.07,34.69,70.75,0.172262,661,3846,4507,Weekday
174,2011-06-23,Fall,2011,Jun,0,Thursday,Misty,29.86,34.69,70.33,0.238804,746,4044,4790,Weekday
175,2011-06-24,Fall,2011,Jun,0,Friday,Clear,29.69,32.83,57.33,0.222025,969,4022,4991,Weekday
176,2011-06-25,Fall,2011,Jun,0,Saturday,Clear,28.49,32.17,48.33,0.209571,1782,3420,5202,Weekend
177,2011-06-26,Fall,2011,Jun,0,Sunday,Clear,27.88,31.88,51.33,0.0945333,1920,3385,5305,Weekend
178,2011-06-27,Fall,2011,Jun,0,Monday,Misty,27.98,31.85,65.83,0.107588,854,3854,4708,Weekday
179,2011-06-28,Fall,2011,Jun,0,Tuesday,Clear,30.51,34.63,63.42,0.144283,732,3916,4648,Weekday
180,2011-06-29,Fall,2011,Jun,0,Wednesday,Clear,29.86,32.73,49.79,0.261821,848,4377,5225,Weekday
181,2011-06-30,Fall,2011,Jun,0,Thursday,Clear,28.56,31.85,43.42,0.185312,1027,4488,5515,Weekday
182,2011-07-01,Fall,2011,Jul,0,Friday,Clear,29.62,32.61,39.62,0.102608,1246,4116,5362,Weekday
183,2011-07-02,Fall,2011,Jul,0,Saturday,Clear,30.27,33.37,44.46,0.115062,2204,2915,5119,Weekend
184,2011-07-03,Fall,2011,Jul,0,Sunday,Misty,29.38,33.43,68.25,0.228858,2282,2367,4649,Weekend
185,2011-07-04,Fall,2011,Jul,1,Monday,Misty,29.79,33.27,63.79,0.0814792,3065,2978,6043,Weekday
186,2011-07-05,Fall,2011,Jul,0,Tuesday,Clear,30.61,34.82,59.04,0.126258,1031,3634,4665,Weekday
187,2011-07-06,Fall,2011,Jul,0,Wednesday,Clear,29.52,34.28,74.33,0.149883,784,3845,4629,Weekday
188,2011-07-07,Fall,2011,Jul,0,Thursday,Clear,30.75,34.34,65.12,0.1592,754,3838,4592,Weekday
189,2011-07-08,Fall,2011,Jul,0,Friday,Misty,29.08,33.52,75.79,0.225129,692,3348,4040,Weekday
190,2011-07-09,Fall,2011,Jul,0,Saturday,Clear,30.07,33.21,60.92,0.167912,1988,3348,5336,Weekend
191,2011-07-10,Fall,2011,Jul,0,Sunday,Clear,30.65,34.5,57.83,0.183471,1743,3138,4881,Weekend
192,2011-07-11,Fall,2011,Jul,0,Monday,Clear,31.26,36.49,63.58,0.282337,723,3363,4086,Weekday
193,2011-07-12,Fall,2011,Jul,0,Tuesday,Clear,32.56,36.96,55.92,0.200254,662,3596,4258,Weekday
194,2011-07-13,Fall,2011,Jul,0,Wednesday,Clear,30.61,34.47,63.17,0.146133,748,3594,4342,Weekday
195,2011-07-14,Fall,2011,Jul,0,Thursday,Clear,27.91,31.76,47.62,0.240667,888,4196,5084,Weekday
196,2011-07-15,Fall,2011,Jul,0,Friday,Clear,27.2,31.22,59.13,0.182833,1318,4220,5538,Weekday
197,2011-07-16,Fall,2011,Jul,0,Saturday,Clear,28.15,31.91,58.5,0.208342,2418,3505,5923,Weekend
198,2011-07-17,Fall,2011,Jul,0,Sunday,Clear,29.49,33.49,60.42,0.245033,2006,3296,5302,Weekend
199,2011-07-18,Fall,2011,Jul,0,Monday,Clear,30.61,35.2,65.12,0.215804,841,3617,4458,Weekday
200,2011-07-19,Fall,2011,Jul,0,Tuesday,Clear,31.84,37.37,65.04,0.1306,752,3789,4541,Weekday
201,2011-07-20,Fall,2011,Jul,0,Wednesday,Clear,31.5,37.34,70.71,0.113817,644,3688,4332,Weekday
202,2011-07-21,Fall,2011,Jul,0,Thursday,Misty,33.42,41.32,69.12,0.222021,632,3152,3784,Weekday
203,2011-07-22,Fall,2011,Jul,0,Friday,Clear,34.78,42.04,58.04,0.1331,562,2825,3387,Weekday
204,2011-07-23,Fall,2011,Jul,0,Saturday,Clear,34.82,40.21,50.0,0.131221,987,2298,3285,Weekend
205,2011-07-24,Fall,2011,Jul,0,Sunday,Clear,34.03,39.74,55.08,0.169171,1050,2556,3606,Weekend
206,2011-07-25,Fall,2011,Jul,0,Monday,Clear,30.48,36.05,75.71,0.0908083,568,3272,3840,Weekday
207,2011-07-26,Fall,2011,Jul,0,Tuesday,Clear,31.64,34.85,54.08,0.200258,750,3840,4590,Weekday
208,2011-07-27,Fall,2011,Jul,0,Wednesday,Clear,31.78,34.53,40.29,0.183463,755,3901,4656,Weekday
209,2011-07-28,Fall,2011,Jul,0,Thursday,Clear,31.95,36.99,58.33,0.178479,606,3784,4390,Weekday
210,2011-07-29,Fall,2011,Jul,0,Friday,Clear,34.37,39.3,54.25,0.174138,670,3176,3846,Weekday
211,2011-07-30,Fall,2011,Jul,0,Saturday,Clear,32.97,36.43,46.58,0.168537,1559,2916,4475,Weekend
212,2011-07-31,Fall,2011,Jul,0,Sunday,Clear,33.04,36.49,48.08,0.164813,1524,2778,4302,Weekend
213,2011-08-01,Fall,2011,Aug,0,Monday,Clear,31.64,35.16,55.08,0.156717,729,3537,4266,Weekday
214,2011-08-02,Fall,2011,Aug,0,Tuesday,Clear,32.12,35.35,49.12,0.20585,801,4044,4845,Weekday
215,2011-08-03,Fall,2011,Aug,0,Wednesday,Misty,30.0,34.0,65.75,0.135583,467,3107,3574,Weekday
216,2011-08-04,Fall,2011,Aug,0,Thursday,Misty,29.11,33.24,75.75,0.19715,799,3777,4576,Weekday
217,2011-08-05,Fall,2011,Aug,0,Friday,Clear,29.14,32.83,63.08,0.184696,1023,3843,4866,Weekday
218,2011-08-06,Fall,2011,Aug,0,Saturday,Misty,29.38,33.81,75.5,0.22825,1521,2773,4294,Weekend
219,2011-08-07,Fall,2011,Aug,0,Sunday,Clear,30.44,35.76,75.29,0.201487,1298,2487,3785,Weekend
220,2011-08-08,Fall,2011,Aug,0,Monday,Clear,31.36,35.16,59.21,0.192175,846,3480,4326,Weekday
221,2011-08-09,Fall,2011,Aug,0,Tuesday,Clear,31.78,36.21,57.04,0.151121,907,3695,4602,Weekday
222,2011-08-10,Fall,2011,Aug,0,Wednesday,Clear,31.43,34.25,42.42,0.200258,884,3896,4780,Weekday
223,2011-08-11,Fall,2011,Aug,0,Thursday,Clear,29.42,32.58,42.38,0.164796,812,3980,4792,Weekday
224,2011-08-12,Fall,2011,Aug,0,Friday,Clear,29.04,32.7,41.5,0.125621,1051,3854,4905,Weekday
225,2011-08-13,Fall,2011,Aug,0,Saturday,Misty,28.12,32.29,72.96,0.211454,1504,2646,4150,Weekend
226,2011-08-14,Fall,2011,Aug,0,Sunday,Misty,27.74,31.22,81.75,0.222633,1338,2482,3820,Weekend
227,2011-08-15,Fall,2011,Aug,0,Monday,Clear,27.3,30.81,71.21,0.208954,775,3563,4338,Weekday
228,2011-08-16,Fall,2011,Aug,0,Tuesday,Clear,28.73,32.29,57.83,0.236329,721,4004,4725,Weekday
229,2011-08-17,Fall,2011,Aug,0,Wednesday,Clear,29.66,33.33,57.54,0.143667,668,4026,4694,Weekday
230,2011-08-18,Fall,2011,Aug,0,Thursday,Clear,29.18,33.11,65.46,0.233208,639,3166,3805,Weekday
231,2011-08-19,Fall,2011,Aug,0,Friday,Misty,28.08,31.66,72.29,0.139308,797,3356,4153,Weekday
232,2011-08-20,Fall,2011,Aug,0,Saturday,Clear,28.6,32.45,67.42,0.104467,1914,3277,5191,Weekend
233,2011-08-21,Fall,2011,Aug,0,Sunday,Clear,29.14,33.78,77.0,0.248754,1249,2624,3873,Weekend
234,2011-08-22,Fall,2011,Aug,0,Monday,Clear,28.36,31.91,47.0,0.27675,833,3925,4758,Weekday
235,2011-08-23,Fall,2011,Aug,0,Tuesday,Clear,26.27,30.3,45.54,0.146763,1281,4614,5895,Weekday
236,2011-08-24,Fall,2011,Aug,0,Wednesday,Clear,27.61,31.53,60.5,0.253108,949,4181,5130,Weekday
237,2011-08-25,Fall,2011,Aug,0,Thursday,Misty,28.05,32.29,77.17,0.210833,435,3107,3542,Weekday
238,2011-08-26,Fall,2011,Aug,0,Friday,Clear,28.7,32.99,76.12,0.0839625,768,3893,4661,Weekday
239,2011-08-27,Fall,2011,Aug,0,Saturday,Misty,27.88,31.78,85.0,0.375617,226,889,1115,Weekend
240,2011-08-28,Fall,2011,Aug,0,Sunday,Clear,28.99,32.4,56.18,0.304659,1415,2919,4334,Weekend
241,2011-08-29,Fall,2011,Aug,0,Monday,Clear,26.1,30.4,55.46,0.159825,729,3905,4634,Weekday
242,2011-08-30,Fall,2011,Aug,0,Tuesday,Clear,26.21,29.74,54.83,0.125008,775,4429,5204,Weekday
243,2011-08-31,Fall,2011,Aug,0,Wednesday,Clear,26.92,30.56,59.79,0.0833333,688,4370,5058,Weekday
244,2011-09-01,Fall,2011,Sep,0,Thursday,Clear,26.86,30.75,63.92,0.141796,783,4332,5115,Weekday
245,2011-09-02,Fall,2011,Sep,0,Friday,Misty,26.38,30.24,72.71,0.139929,875,3852,4727,Weekday
246,2011-09-03,Fall,2011,Sep,0,Saturday,Clear,27.44,31.66,71.67,0.185325,1935,2549,4484,Weekend
247,2011-09-04,Fall,2011,Sep,0,Sunday,Clear,29.08,33.27,74.21,0.206467,2521,2419,4940,Weekend
248,2011-09-05,Fall,2011,Sep,1,Monday,Misty,27.61,31.28,79.04,0.212696,1236,2115,3351,Weekday
249,2011-09-06,Fall,2011,Sep,0,Tuesday,Light_Rain,22.14,25.76,88.7,0.343943,204,2506,2710,Weekday
250,2011-09-07,Fall,2011,Sep,0,Wednesday,Light_Rain,24.57,27.21,91.71,0.0970208,118,1878,1996,Weekday
251,2011-09-08,Fall,2011,Sep,0,Thursday,Light_Rain,25.99,27.77,93.96,0.192748,153,1689,1842,Weekday
252,2011-09-09,Fall,2011,Sep,0,Friday,Misty,26.65,28.95,89.79,0.124379,417,3127,3544,Weekday
253,2011-09-10,Fall,2011,Sep,0,Saturday,Clear,27.06,30.4,75.38,0.153608,1750,3595,5345,Weekend
254,2011-09-11,Fall,2011,Sep,0,Sunday,Clear,26.79,30.46,71.38,0.115054,1633,3413,5046,Weekend
255,2011-09-12,Fall,2011,Sep,0,Monday,Clear,26.42,30.11,69.22,0.088913,690,4023,4713,Weekday
256,2011-09-13,Fall,2011,Sep,0,Tuesday,Clear,26.68,30.18,71.25,0.141804,701,4062,4763,Weekday
257,2011-09-14,Fall,2011,Sep,0,Wednesday,Clear,27.61,31.34,69.71,0.1673,647,4138,4785,Weekday
258,2011-09-15,Fall,2011,Sep,0,Thursday,Misty,23.68,27.68,70.92,0.271146,428,3231,3659,Weekday
259,2011-09-16,Fall,2011,Sep,0,Friday,Misty,19.24,23.07,59.04,0.164183,742,4018,4760,Weekday
260,2011-09-17,Fall,2011,Sep,0,Saturday,Misty,20.16,23.93,71.83,0.189675,1434,3077,4511,Weekend
261,2011-09-18,Fall,2011,Sep,0,Sunday,Clear,20.81,24.53,69.5,0.178483,1353,2921,4274,Weekend
262,2011-09-19,Fall,2011,Sep,0,Monday,Misty,22.52,26.48,69.0,0.151742,691,3848,4539,Weekday
263,2011-09-20,Fall,2011,Sep,0,Tuesday,Misty,23.03,26.61,88.12,0.134954,438,3203,3641,Weekday
264,2011-09-21,Fall,2011,Sep,0,Wednesday,Misty,24.4,27.53,90.0,0.0964042,539,3813,4352,Weekday
265,2011-09-22,Fall,2011,Sep,0,Thursday,Misty,25.76,27.75,90.21,0.128125,555,4240,4795,Weekday
266,2011-09-23,Winter,2011,Sep,0,Friday,Misty,24.98,26.11,97.25,0.0783667,258,2137,2395,Weekday
267,2011-09-24,Winter,2011,Sep,0,Saturday,Misty,24.87,28.22,86.25,0.0783833,1776,3647,5423,Weekend
268,2011-09-25,Winter,2011,Sep,0,Sunday,Misty,26.0,28.63,84.5,0.0503792,1544,3466,5010,Weekend
269,2011-09-26,Winter,2011,Sep,0,Monday,Misty,26.62,29.45,84.83,0.1107,684,3946,4630,Weekday
270,2011-09-27,Winter,2011,Sep,0,Tuesday,Misty,26.1,28.73,88.54,0.118171,477,3643,4120,Weekday
271,2011-09-28,Winter,2011,Sep,0,Wednesday,Misty,26.04,28.76,84.88,0.148629,480,3427,3907,Weekday
272,2011-09-29,Winter,2011,Sep,0,Thursday,Clear,25.28,28.73,69.92,0.172883,653,4186,4839,Weekday
273,2011-09-30,Winter,2011,Sep,0,Friday,Clear,23.13,27.24,64.75,0.206475,830,4372,5202,Weekday
274,2011-10-01,Winter,2011,Oct,0,Saturday,Misty,16.81,20.64,75.38,0.292296,480,1949,2429,Weekend
275,2011-10-02,Winter,2011,Oct,0,Sunday,Misty,14.62,17.27,79.17,0.222013,616,2302,2918,Weekend
276,2011-10-03,Winter,2011,Oct,0,Monday,Misty,15.75,19.6,76.08,0.0833458,330,3240,3570,Weekday
277,2011-10-04,Winter,2011,Oct,0,Tuesday,Clear,19.85,23.64,71.0,0.205854,486,3970,4456,Weekday
278,2011-10-05,Winter,2011,Oct,0,Wednesday,Clear,22.07,26.36,64.79,0.17725,559,4267,4826,Weekday
279,2011-10-06,Winter,2011,Oct,0,Thursday,Clear,20.26,24.02,62.08,0.134954,639,4126,4765,Weekday
280,2011-10-07,Winter,2011,Oct,0,Friday,Clear,20.94,25.22,68.42,0.0223917,949,4036,4985,Weekday
281,2011-10-08,Winter,2011,Oct,0,Saturday,Clear,21.39,25.66,70.12,0.0454042,2235,3174,5409,Weekend
282,2011-10-09,Winter,2011,Oct,0,Sunday,Clear,22.17,26.2,72.75,0.06345,2397,3114,5511,Weekend
283,2011-10-10,Winter,2011,Oct,1,Monday,Clear,23.4,27.15,73.38,0.0423042,1514,3603,5117,Weekday
284,2011-10-11,Winter,2011,Oct,0,Tuesday,Misty,23.23,27.3,80.88,0.143042,667,3896,4563,Weekday
285,2011-10-12,Winter,2011,Oct,0,Wednesday,Light_Rain,22.28,25.89,90.62,0.24815,217,2199,2416,Weekday
286,2011-10-13,Winter,2011,Oct,0,Thursday,Misty,24.16,27.59,89.67,0.141787,290,2623,2913,Weekday
287,2011-10-14,Winter,2011,Oct,0,Friday,Misty,22.58,26.48,71.62,0.223883,529,3115,3644,Weekday
288,2011-10-15,Winter,2011,Oct,0,Saturday,Clear,20.77,24.94,48.33,0.258083,1899,3318,5217,Weekend
289,2011-10-16,Winter,2011,Oct,0,Sunday,Clear,20.98,25.16,48.67,0.281717,1748,3293,5041,Weekend
290,2011-10-17,Winter,2011,Oct,0,Monday,Clear,21.9,25.54,57.96,0.175379,713,3857,4570,Weekday
291,2011-10-18,Winter,2011,Oct,0,Tuesday,Misty,21.83,26.14,70.17,0.110087,637,4111,4748,Weekday
292,2011-10-19,Winter,2011,Oct,0,Wednesday,Light_Rain,22.21,25.69,89.52,0.243339,254,2170,2424,Weekday
293,2011-10-20,Winter,2011,Oct,0,Thursday,Clear,19.51,23.33,63.62,0.422275,471,3724,4195,Weekday
294,2011-10-21,Winter,2011,Oct,0,Friday,Clear,17.53,21.18,57.42,0.221396,676,3628,4304,Weekday
295,2011-10-22,Winter,2011,Oct,0,Saturday,Clear,17.32,21.27,62.92,0.0926667,1499,2809,4308,Weekend
296,2011-10-23,Winter,2011,Oct,0,Sunday,Clear,17.29,21.12,74.12,0.0995125,1619,2762,4381,Weekend
297,2011-10-24,Winter,2011,Oct,0,Monday,Clear,19.0,22.85,77.21,0.118792,699,3488,4187,Weekday
298,2011-10-25,Winter,2011,Oct,0,Tuesday,Clear,19.34,23.17,62.29,0.166658,695,3992,4687,Weekday
299,2011-10-26,Winter,2011,Oct,0,Wednesday,Misty,19.85,23.64,72.04,0.148642,404,3490,3894,Weekday
300,2011-10-27,Winter,2011,Oct,0,Thursday,Misty,19.27,22.85,81.29,0.197763,240,2419,2659,Weekday
301,2011-10-28,Winter,2011,Oct,0,Friday,Misty,13.56,15.94,58.58,0.229479,456,3291,3747,Weekday
302,2011-10-29,Winter,2011,Oct,0,Saturday,Light_Rain,10.42,11.4,88.25,0.351371,57,570,627,Weekend
303,2011-10-30,Winter,2011,Oct,0,Sunday,Clear,13.09,16.07,62.38,0.176617,885,2446,3331,Weekend
304,2011-10-31,Winter,2011,Oct,0,Monday,Clear,13.94,17.8,70.33,0.10635,362,3307,3669,Weekday
305,2011-11-01,Winter,2011,Nov,0,Tuesday,Clear,16.43,19.85,68.38,0.135571,410,3658,4068,Weekday
306,2011-11-02,Winter,2011,Nov,0,Wednesday,Clear,15.48,19.51,71.88,0.0820917,370,3816,4186,Weekday
307,2011-11-03,Winter,2011,Nov,0,Thursday,Clear,16.74,20.3,70.21,0.136817,318,3656,3974,Weekday
308,2011-11-04,Winter,2011,Nov,0,Friday,Misty,16.54,20.17,62.25,0.271779,470,3576,4046,Weekday
309,2011-11-05,Winter,2011,Nov,0,Saturday,Clear,13.39,16.19,51.92,0.189062,1156,2770,3926,Weekend
310,2011-11-06,Winter,2011,Nov,0,Sunday,Clear,14.28,18.12,73.46,0.0920542,952,2697,3649,Weekend
311,2011-11-07,Winter,2011,Nov,0,Monday,Clear,16.2,20.04,75.88,0.057225,373,3662,4035,Weekday
312,2011-11-08,Winter,2011,Nov,0,Tuesday,Clear,16.74,20.61,72.17,0.0690375,376,3829,4205,Weekday
313,2011-11-09,Winter,2011,Nov,0,Wednesday,Clear,16.4,20.45,75.83,0.0621958,305,3804,4109,Weekday
314,2011-11-10,Winter,2011,Nov,0,Thursday,Misty,15.58,18.69,81.33,0.189067,190,2743,2933,Weekday
315,2011-11-11,Winter,2011,Nov,1,Friday,Clear,13.29,15.34,44.62,0.314675,440,2928,3368,Weekday
316,2011-11-12,Winter,2011,Nov,0,Saturday,Clear,14.62,17.9,55.29,0.212062,1275,2792,4067,Weekend
317,2011-11-13,Winter,2011,Nov,0,Sunday,Clear,18.07,21.53,45.83,0.281721,1004,2713,3717,Weekend
318,2011-11-14,Winter,2011,Nov,0,Monday,Clear,21.73,26.23,58.71,0.306596,595,3891,4486,Weekday
319,2011-11-15,Winter,2011,Nov,0,Tuesday,Misty,21.73,25.38,68.88,0.199633,449,3746,4195,Weekday
320,2011-11-16,Winter,2011,Nov,0,Wednesday,Light_Rain,18.72,22.6,93.0,0.136829,145,1672,1817,Weekday
321,2011-11-17,Winter,2011,Nov,0,Thursday,Misty,14.01,16.16,57.58,0.305362,139,2914,3053,Weekday
322,2011-11-18,Winter,2011,Nov,0,Friday,Clear,11.24,13.64,41.0,0.168533,245,3147,3392,Weekday
323,2011-11-19,Winter,2011,Nov,0,Saturday,Clear,13.5,16.22,50.21,0.224496,943,2720,3663,Weekend
324,2011-11-20,Winter,2011,Nov,0,Sunday,Misty,19.0,22.85,68.46,0.18595,787,2733,3520,Weekend
325,2011-11-21,Winter,2011,Nov,0,Monday,Light_Rain,18.35,22.25,91.0,0.138054,220,2545,2765,Weekday
326,2011-11-22,Winter,2011,Nov,0,Tuesday,Light_Rain,17.08,21.08,96.25,0.118792,69,1538,1607,Weekday
327,2011-11-23,Winter,2011,Nov,0,Wednesday,Misty,18.07,21.53,75.79,0.335825,112,2454,2566,Weekday
328,2011-11-24,Winter,2011,Nov,1,Thursday,Clear,15.31,18.62,54.92,0.167304,560,935,1495,Weekday
329,2011-11-25,Winter,2011,Nov,0,Friday,Clear,15.38,19.03,64.38,0.0988958,1095,1697,2792,Weekday
330,2011-11-26,Winter,2011,Nov,0,Saturday,Clear,15.41,19.25,68.17,0.0684208,1249,1819,3068,Weekend
331,2011-11-27,Winter,2011,Nov,0,Sunday,Clear,18.83,22.79,69.83,0.208954,810,2261,3071,Weekend
332,2011-11-28,Winter,2011,Nov,0,Monday,Clear,20.64,24.51,74.3,0.142122,253,3614,3867,Weekday
333,2011-11-29,Winter,2011,Nov,0,Tuesday,Misty,18.79,22.57,83.08,0.258092,96,2818,2914,Weekday
334,2011-11-30,Winter,2011,Nov,0,Wednesday,Clear,13.32,15.56,61.33,0.271158,188,3425,3613,Weekday
335,2011-12-01,Winter,2011,Dec,0,Thursday,Clear,12.81,15.28,52.46,0.220158,182,3545,3727,Weekday
336,2011-12-02,Winter,2011,Dec,0,Friday,Clear,12.88,16.57,62.58,0.100754,268,3672,3940,Weekday
337,2011-12-03,Winter,2011,Dec,0,Saturday,Clear,12.27,15.53,61.29,0.0957833,706,2908,3614,Weekend
338,2011-12-04,Winter,2011,Dec,0,Sunday,Clear,13.56,17.46,77.58,0.0839583,634,2851,3485,Weekend
339,2011-12-05,Winter,2011,Dec,0,Monday,Misty,15.82,19.7,82.71,0.0622083,233,3578,3811,Weekday
340,2011-12-06,Winter,2011,Dec,0,Tuesday,Light_Rain,18.96,22.82,94.96,0.232583,126,2468,2594,Weekday
341,2011-12-07,Winter,2011,Dec,0,Wednesday,Light_Rain,16.81,20.01,97.04,0.266175,50,655,705,Weekday
342,2011-12-08,Winter,2011,Dec,0,Thursday,Clear,10.9,12.85,58.0,0.240058,150,3172,3322,Weekday
343,2011-12-09,Winter,2011,Dec,0,Friday,Clear,11.92,15.88,69.58,0.0827167,261,3359,3620,Weekday
344,2011-12-10,Winter,2011,Dec,0,Saturday,Clear,11.28,13.32,50.75,0.233221,502,2688,3190,Weekend
345,2011-12-11,Winter,2011,Dec,0,Sunday,Clear,9.05,12.66,49.0,0.0665417,377,2366,2743,Weekend
346,2011-12-12,Winter,2011,Dec,0,Monday,Clear,9.77,13.51,67.08,0.06345,143,3167,3310,Weekday
347,2011-12-13,Winter,2011,Dec,0,Tuesday,Clear,11.58,15.06,59.0,0.14055,155,3368,3523,Weekday
348,2011-12-14,Winter,2011,Dec,0,Wednesday,Misty,13.02,16.92,66.38,0.0609583,178,3562,3740,Weekday
349,2011-12-15,Winter,2011,Dec,0,Thursday,Misty,17.32,20.61,63.42,0.268042,181,3528,3709,Weekday
350,2011-12-16,Winter,2011,Dec,0,Friday,Misty,15.38,17.99,50.04,0.260575,178,3399,3577,Weekday
351,2011-12-17,Winter,2011,Dec,0,Saturday,Misty,10.59,12.47,56.08,0.243167,275,2464,2739,Weekend
352,2011-12-18,Winter,2011,Dec,0,Sunday,Clear,9.77,12.28,58.63,0.169779,220,2211,2431,Weekend
353,2011-12-19,Winter,2011,Dec,0,Monday,Clear,11.34,14.05,63.75,0.172896,260,3143,3403,Weekday
354,2011-12-20,Winter,2011,Dec,0,Tuesday,Misty,15.82,19.82,59.54,0.0615708,216,3534,3750,Weekday
355,2011-12-21,Spring,2011,Dec,0,Wednesday,Misty,17.56,21.4,85.83,0.2214,107,2553,2660,Weekday
356,2011-12-22,Spring,2011,Dec,0,Thursday,Misty,17.36,21.31,75.75,0.047275,227,2841,3068,Weekday
357,2011-12-23,Spring,2011,Dec,0,Friday,Clear,15.31,18.88,68.62,0.274246,163,2046,2209,Weekday
358,2011-12-24,Spring,2011,Dec,0,Saturday,Clear,12.4,14.96,54.25,0.190304,155,856,1011,Weekend
359,2011-12-25,Spring,2011,Dec,0,Sunday,Clear,11.27,14.0,68.13,0.155091,303,451,754,Weekend
360,2011-12-26,Spring,2011,Dec,1,Monday,Clear,13.19,15.78,50.7,0.239465,430,887,1317,Weekday
361,2011-12-27,Spring,2011,Dec,0,Tuesday,Misty,13.32,16.38,76.25,0.18845,103,1059,1162,Weekday
362,2011-12-28,Spring,2011,Dec,0,Wednesday,Clear,12.26,14.0,50.39,0.293961,255,2047,2302,Weekday
363,2011-12-29,Spring,2011,Dec,0,Thursday,Clear,10.18,13.19,57.42,0.119412,254,2169,2423,Weekday
364,2011-12-30,Spring,2011,Dec,0,Friday,Clear,12.78,15.94,63.67,0.134337,491,2508,2999,Weekday
365,2011-12-31,Spring,2011,Dec,0,Saturday,Clear,16.81,20.71,61.58,0.220154,665,1820,2485,Weekend
366,2012-01-01,Spring,2012,Jan,0,Sunday,Clear,15.17,18.78,69.25,0.192167,686,1608,2294,Weekend
367,2012-01-02,Spring,2012,Jan,1,Monday,Clear,11.19,12.62,38.13,0.329665,244,1707,1951,Weekday
368,2012-01-03,Spring,2012,Jan,0,Tuesday,Clear,6.15,6.31,44.12,0.365671,89,2147,2236,Weekday
369,2012-01-04,Spring,2012,Jan,0,Wednesday,Misty,4.41,5.97,41.46,0.1847,95,2273,2368,Weekday
370,2012-01-05,Spring,2012,Jan,0,Thursday,Clear,10.9,13.92,52.42,0.129987,140,3132,3272,Weekday
371,2012-01-06,Spring,2012,Jan,0,Friday,Clear,13.7,17.01,54.21,0.167908,307,3791,4098,Weekday
372,2012-01-07,Spring,2012,Jan,0,Saturday,Clear,16.13,19.54,53.17,0.174758,1070,3451,4521,Weekend
373,2012-01-08,Spring,2012,Jan,0,Sunday,Clear,13.84,17.01,46.5,0.191542,599,2826,3425,Weekend
374,2012-01-09,Spring,2012,Jan,0,Monday,Misty,9.19,12.37,70.17,0.0989,106,2270,2376,Weekday
375,2012-01-10,Spring,2012,Jan,0,Tuesday,Clear,12.66,15.94,64.65,0.187552,173,3425,3598,Weekday
376,2012-01-11,Spring,2012,Jan,0,Wednesday,Misty,11.24,14.14,84.75,0.131221,92,2085,2177,Weekday
377,2012-01-12,Spring,2012,Jan,0,Thursday,Misty,15.68,19.1,80.29,0.180967,269,3828,4097,Weekday
378,2012-01-13,Spring,2012,Jan,0,Friday,Clear,11.24,12.47,50.75,0.378108,174,3040,3214,Weekday
379,2012-01-14,Spring,2012,Jan,0,Saturday,Clear,7.38,9.15,45.75,0.187183,333,2160,2493,Weekend
380,2012-01-15,Spring,2012,Jan,0,Sunday,Clear,6.83,8.08,41.92,0.251258,284,2027,2311,Weekend
381,2012-01-16,Spring,2012,Jan,1,Monday,Clear,7.79,9.53,52.25,0.231358,217,2081,2298,Weekday
382,2012-01-17,Spring,2012,Jan,0,Tuesday,Misty,15.29,18.21,71.61,0.34913,127,2808,2935,Weekday
383,2012-01-18,Spring,2012,Jan,0,Wednesday,Clear,12.44,13.76,44.33,0.415429,109,3267,3376,Weekday
384,2012-01-19,Spring,2012,Jan,0,Thursday,Clear,7.79,9.5,49.75,0.220158,130,3162,3292,Weekday
385,2012-01-20,Spring,2012,Jan,0,Friday,Misty,8.92,11.05,45.0,0.20275,115,3048,3163,Weekday
386,2012-01-21,Spring,2012,Jan,0,Saturday,Misty,7.11,8.74,83.12,0.222642,67,1234,1301,Weekend
387,2012-01-22,Spring,2012,Jan,0,Sunday,Misty,6.66,8.11,79.62,0.199638,196,1781,1977,Weekend
388,2012-01-23,Spring,2012,Jan,0,Monday,Misty,8.95,12.15,91.12,0.110708,145,2287,2432,Weekday
389,2012-01-24,Spring,2012,Jan,0,Tuesday,Clear,14.04,17.46,83.58,0.123767,439,3900,4339,Weekday
390,2012-01-25,Spring,2012,Jan,0,Wednesday,Clear,12.06,14.74,64.38,0.161071,467,3803,4270,Weekday
391,2012-01-26,Spring,2012,Jan,0,Thursday,Misty,14.01,17.8,76.96,0.0733958,244,3831,4075,Weekday
392,2012-01-27,Spring,2012,Jan,0,Friday,Misty,17.42,20.77,74.12,0.342667,269,3187,3456,Weekday
393,2012-01-28,Spring,2012,Jan,0,Saturday,Clear,12.95,16.32,54.33,0.210829,775,3248,4023,Weekend
394,2012-01-29,Spring,2012,Jan,0,Sunday,Clear,11.58,13.64,31.13,0.24005,558,2685,3243,Weekend
395,2012-01-30,Spring,2012,Jan,0,Monday,Clear,11.04,13.13,40.08,0.215792,126,3498,3624,Weekday
396,2012-01-31,Spring,2012,Jan,0,Tuesday,Clear,15.99,19.07,41.67,0.261817,324,4185,4509,Weekday
397,2012-02-01,Spring,2012,Feb,0,Wednesday,Clear,19.24,23.33,50.79,0.189067,304,4275,4579,Weekday
398,2012-02-02,Spring,2012,Feb,0,Thursday,Misty,16.37,19.95,67.29,0.187187,190,3571,3761,Weekday
399,2012-02-03,Spring,2012,Feb,0,Friday,Clear,12.85,15.47,52.67,0.178496,310,3841,4151,Weekday
400,2012-02-04,Spring,2012,Feb,0,Saturday,Misty,10.83,13.64,77.96,0.121896,384,2448,2832,Weekend
401,2012-02-05,Spring,2012,Feb,0,Sunday,Misty,10.9,13.23,68.79,0.175996,318,2629,2947,Weekend
402,2012-02-06,Spring,2012,Feb,0,Monday,Clear,11.59,14.82,62.22,0.1538,206,3578,3784,Weekday
403,2012-02-07,Spring,2012,Feb,0,Tuesday,Clear,14.52,18.06,49.62,0.147379,199,4176,4375,Weekday
404,2012-02-08,Spring,2012,Feb,0,Wednesday,Misty,10.52,13.32,72.29,0.133721,109,2693,2802,Weekday
405,2012-02-09,Spring,2012,Feb,0,Thursday,Clear,10.86,13.1,56.21,0.194037,163,3667,3830,Weekday
406,2012-02-10,Spring,2012,Feb,0,Friday,Misty,11.51,14.68,54.0,0.116929,227,3604,3831,Weekday
407,2012-02-11,Spring,2012,Feb,0,Saturday,Light_Rain,9.19,10.54,73.12,0.289796,192,1977,2169,Weekend
408,2012-02-12,Spring,2012,Feb,0,Sunday,Clear,5.23,5.08,46.46,0.409212,73,1456,1529,Weekend
409,2012-02-13,Spring,2012,Feb,0,Monday,Clear,9.12,11.4,41.12,0.167283,94,3328,3422,Weekday
410,2012-02-14,Spring,2012,Feb,0,Tuesday,Misty,13.09,16.7,50.88,0.141179,135,3787,3922,Weekday
411,2012-02-15,Spring,2012,Feb,0,Wednesday,Clear,14.28,17.58,53.12,0.1816,141,4028,4169,Weekday
412,2012-02-16,Spring,2012,Feb,0,Thursday,Misty,12.98,16.51,75.29,0.091425,74,2931,3005,Weekday
413,2012-02-17,Spring,2012,Feb,0,Friday,Clear,14.08,17.58,63.46,0.205846,349,3805,4154,Weekday
414,2012-02-18,Spring,2012,Feb,0,Saturday,Clear,14.21,17.77,53.46,0.190929,1435,2883,4318,Weekend
415,2012-02-19,Spring,2012,Feb,0,Sunday,Misty,11.48,13.29,51.58,0.253112,618,2071,2689,Weekend
416,2012-02-20,Spring,2012,Feb,1,Monday,Clear,11.48,13.67,50.78,0.229083,502,2627,3129,Weekday
417,2012-02-21,Spring,2012,Feb,0,Tuesday,Clear,11.8,14.76,59.43,0.205717,163,3614,3777,Weekday
418,2012-02-22,Spring,2012,Feb,0,Wednesday,Clear,16.23,19.63,56.79,0.234471,394,4379,4773,Weekday
419,2012-02-23,Spring,2012,Feb,0,Thursday,Clear,18.62,22.22,55.46,0.190913,516,4546,5062,Weekday
420,2012-02-24,Spring,2012,Feb,0,Friday,Misty,16.71,20.55,73.75,0.237567,246,3241,3487,Weekday
421,2012-02-25,Spring,2012,Feb,0,Saturday,Clear,11.92,12.78,39.58,0.421642,317,2415,2732,Weekend
422,2012-02-26,Spring,2012,Feb,0,Sunday,Clear,11.45,13.42,41.0,0.205229,515,2874,3389,Weekend
423,2012-02-27,Spring,2012,Feb,0,Monday,Clear,15.03,17.9,49.08,0.268033,253,4069,4322,Weekday
424,2012-02-28,Spring,2012,Feb,0,Tuesday,Clear,14.73,17.68,39.58,0.193417,229,4134,4363,Weekday
425,2012-02-29,Spring,2012,Feb,0,Wednesday,Misty,14.12,17.42,80.48,0.179117,65,1769,1834,Weekday
426,2012-03-01,Spring,2012,Mar,0,Thursday,Clear,19.92,23.77,61.54,0.226987,325,4665,4990,Weekday
427,2012-03-02,Spring,2012,Mar,0,Friday,Misty,14.49,17.99,65.71,0.144904,246,2948,3194,Weekday
428,2012-03-03,Spring,2012,Mar,0,Saturday,Misty,16.98,20.67,62.12,0.161079,956,3110,4066,Weekend
429,2012-03-04,Spring,2012,Mar,0,Sunday,Clear,13.36,15.15,40.33,0.334571,710,2713,3423,Weekend
430,2012-03-05,Spring,2012,Mar,0,Monday,Clear,9.98,12.06,50.62,0.228858,203,3130,3333,Weekday
431,2012-03-06,Spring,2012,Mar,0,Tuesday,Clear,10.59,12.75,45.67,0.200875,221,3735,3956,Weekday
432,2012-03-07,Spring,2012,Mar,0,Wednesday,Clear,16.57,19.26,51.33,0.345779,432,4484,4916,Weekday
433,2012-03-08,Spring,2012,Mar,0,Thursday,Clear,21.63,26.23,56.75,0.441563,486,4896,5382,Weekday
434,2012-03-09,Spring,2012,Mar,0,Friday,Misty,16.84,19.85,40.71,0.4148,447,4122,4569,Weekday
435,2012-03-10,Spring,2012,Mar,0,Saturday,Clear,11.79,13.89,35.04,0.22575,968,3150,4118,Weekend
436,2012-03-11,Spring,2012,Mar,0,Sunday,Clear,14.83,17.98,47.7,0.222587,1658,3253,4911,Weekend
437,2012-03-12,Spring,2012,Mar,0,Monday,Clear,19.13,22.98,48.92,0.207713,838,4460,5298,Weekday
438,2012-03-13,Spring,2012,Mar,0,Tuesday,Clear,23.16,27.15,61.75,0.23695,762,5085,5847,Weekday
439,2012-03-14,Spring,2012,Mar,0,Wednesday,Clear,23.47,27.43,50.71,0.115062,997,5315,6312,Weekday
440,2012-03-15,Spring,2012,Mar,0,Thursday,Clear,22.86,26.64,57.96,0.149883,1005,5187,6192,Weekday
441,2012-03-16,Spring,2012,Mar,0,Friday,Misty,17.87,21.81,84.21,0.113192,548,3830,4378,Weekday
442,2012-03-17,Spring,2012,Mar,0,Saturday,Misty,21.08,25.25,75.58,0.110704,3155,4681,7836,Weekend
443,2012-03-18,Spring,2012,Mar,0,Sunday,Misty,19.37,23.2,81.0,0.126883,2207,3685,5892,Weekend
444,2012-03-19,Spring,2012,Mar,0,Monday,Clear,22.35,26.64,72.88,0.162317,982,5171,6153,Weekday
445,2012-03-20,Spring,2012,Mar,0,Tuesday,Clear,22.99,26.93,80.79,0.121271,1051,5042,6093,Weekday
446,2012-03-21,Summer,2012,Mar,0,Wednesday,Misty,21.8,25.66,82.12,0.0895583,1122,5108,6230,Weekday
447,2012-03-22,Summer,2012,Mar,0,Thursday,Clear,22.72,26.58,83.12,0.117562,1334,5537,6871,Weekday
448,2012-03-23,Summer,2012,Mar,0,Friday,Misty,24.67,28.5,69.42,0.1163,2469,5893,8362,Weekday
449,2012-03-24,Summer,2012,Mar,0,Saturday,Misty,20.6,24.34,88.54,0.192783,1033,2339,3372,Weekend
450,2012-03-25,Summer,2012,Mar,0,Sunday,Misty,17.94,21.87,88.08,0.220775,1532,3464,4996,Weekend
451,2012-03-26,Summer,2012,Mar,0,Monday,Clear,18.28,21.94,47.79,0.386821,795,4763,5558,Weekday
452,2012-03-27,Summer,2012,Mar,0,Tuesday,Clear,13.26,15.78,29.0,0.187192,531,4571,5102,Weekday
453,2012-03-28,Summer,2012,Mar,0,Wednesday,Clear,19.85,23.55,48.12,0.291671,674,5024,5698,Weekday
454,2012-03-29,Summer,2012,Mar,0,Thursday,Clear,20.26,24.12,43.92,0.31965,834,5299,6133,Weekday
455,2012-03-30,Summer,2012,Mar,0,Friday,Misty,15.17,18.78,58.08,0.138067,796,4663,5459,Weekday
456,2012-03-31,Summer,2012,Mar,0,Saturday,Misty,17.39,21.09,73.83,0.250617,2301,3934,6235,Weekend
457,2012-04-01,Summer,2012,Apr,0,Sunday,Misty,17.46,20.86,67.62,0.172267,2347,3694,6041,Weekend
458,2012-04-02,Summer,2012,Apr,0,Monday,Clear,17.79,21.38,50.43,0.312139,1208,4728,5936,Weekday
459,2012-04-03,Summer,2012,Apr,0,Tuesday,Clear,19.13,23.07,39.67,0.100133,1348,5424,6772,Weekday
460,2012-04-04,Summer,2012,Apr,0,Wednesday,Clear,22.21,26.67,46.96,0.180975,1058,5378,6436,Weekday
461,2012-04-05,Summer,2012,Apr,0,Thursday,Clear,17.84,21.56,37.42,0.219529,1192,5265,6457,Weekday
462,2012-04-06,Summer,2012,Apr,0,Friday,Clear,16.54,19.54,37.71,0.300388,1807,4653,6460,Weekday
463,2012-04-07,Summer,2012,Apr,0,Saturday,Clear,17.94,21.31,25.42,0.274871,3252,3605,6857,Weekend
464,2012-04-08,Summer,2012,Apr,0,Sunday,Clear,20.5,24.62,27.58,0.232596,2230,2939,5169,Weekend
465,2012-04-09,Summer,2012,Apr,0,Monday,Clear,20.06,23.83,31.75,0.358196,905,4680,5585,Weekday
466,2012-04-10,Summer,2012,Apr,0,Tuesday,Clear,18.31,21.81,43.5,0.249375,819,5099,5918,Weekday
467,2012-04-11,Summer,2012,Apr,0,Wednesday,Clear,14.3,16.86,46.96,0.295274,482,4380,4862,Weekday
468,2012-04-12,Summer,2012,Apr,0,Thursday,Clear,16.3,19.38,46.62,0.290429,663,4746,5409,Weekday
469,2012-04-13,Summer,2012,Apr,0,Friday,Clear,18.14,21.59,40.83,0.155471,1252,5146,6398,Weekday
470,2012-04-14,Summer,2012,Apr,0,Saturday,Clear,20.29,24.4,50.29,0.190917,2795,4665,7460,Weekend
471,2012-04-15,Summer,2012,Apr,0,Sunday,Clear,24.87,28.69,50.79,0.225129,2846,4286,7132,Weekend
472,2012-04-16,Summer,2012,Apr,1,Monday,Clear,27.23,30.75,56.17,0.284829,1198,5172,6370,Weekday
473,2012-04-17,Summer,2012,Apr,0,Tuesday,Clear,24.94,29.92,39.04,0.273629,989,5702,6691,Weekday
474,2012-04-18,Summer,2012,Apr,0,Wednesday,Misty,19.0,22.85,56.92,0.167912,347,4020,4367,Weekday
475,2012-04-19,Summer,2012,Apr,0,Thursday,Clear,20.43,24.65,61.25,0.0659292,846,5719,6565,Weekday
476,2012-04-20,Summer,2012,Apr,0,Friday,Clear,21.59,25.79,69.46,0.149871,1340,5950,7290,Weekday
477,2012-04-21,Summer,2012,Apr,0,Saturday,Clear,23.37,27.15,68.29,0.283587,2541,4083,6624,Weekend
478,2012-04-22,Summer,2012,Apr,0,Sunday,Light_Rain,16.26,19.48,83.54,0.344546,120,907,1027,Weekend
479,2012-04-23,Summer,2012,Apr,0,Monday,Misty,13.19,15.06,76.67,0.303496,195,3019,3214,Weekday
480,2012-04-24,Summer,2012,Apr,0,Tuesday,Clear,16.95,20.26,45.42,0.249383,518,5115,5633,Weekday
481,2012-04-25,Summer,2012,Apr,0,Wednesday,Clear,19.54,23.52,42.79,0.118792,655,5541,6196,Weekday
482,2012-04-26,Summer,2012,Apr,0,Thursday,Misty,20.43,24.18,75.67,0.176625,475,4551,5026,Weekday
483,2012-04-27,Summer,2012,Apr,0,Friday,Clear,18.76,22.63,40.08,0.347633,1014,5219,6233,Weekday
484,2012-04-28,Summer,2012,Apr,0,Saturday,Misty,15.44,18.88,48.96,0.129975,1120,3100,4220,Weekend
485,2012-04-29,Summer,2012,Apr,0,Sunday,Clear,18.79,22.51,58.71,0.116908,2229,4075,6304,Weekend
486,2012-04-30,Summer,2012,Apr,0,Monday,Misty,19.03,22.88,57.0,0.171638,665,4907,5572,Weekday
487,2012-05-01,Summer,2012,May,0,Tuesday,Misty,25.15,28.85,65.96,0.156096,653,5087,5740,Weekday
488,2012-05-02,Summer,2012,May,0,Wednesday,Clear,23.13,26.89,79.71,0.138058,667,5502,6169,Weekday
489,2012-05-03,Summer,2012,May,0,Thursday,Misty,22.96,26.86,76.83,0.133696,764,5657,6421,Weekday
490,2012-05-04,Summer,2012,May,0,Friday,Clear,25.73,29.55,73.54,0.162938,1069,5227,6296,Weekday
491,2012-05-05,Summer,2012,May,0,Saturday,Misty,25.49,29.23,75.67,0.152992,2496,4387,6883,Weekend
492,2012-05-06,Summer,2012,May,0,Sunday,Misty,23.06,27.34,74.0,0.149879,2135,4224,6359,Weekend
493,2012-05-07,Summer,2012,May,0,Monday,Misty,22.04,26.36,66.42,0.230721,1008,5265,6273,Weekday
494,2012-05-08,Summer,2012,May,0,Tuesday,Misty,23.85,27.87,68.58,0.296029,738,4990,5728,Weekday
495,2012-05-09,Summer,2012,May,0,Wednesday,Misty,23.58,27.65,74.42,0.216412,620,4097,4717,Weekday
496,2012-05-10,Summer,2012,May,0,Thursday,Clear,20.74,24.59,55.21,0.314063,1026,5546,6572,Weekday
497,2012-05-11,Summer,2012,May,0,Friday,Clear,21.87,26.04,36.04,0.236937,1319,5711,7030,Weekday
498,2012-05-12,Summer,2012,May,0,Saturday,Clear,23.13,27.24,48.04,0.123133,2622,4807,7429,Weekend
499,2012-05-13,Summer,2012,May,0,Sunday,Clear,25.11,29.26,57.63,0.225117,2172,3946,6118,Weekend
500,2012-05-14,Summer,2012,May,0,Monday,Misty,23.51,27.5,78.96,0.212692,342,2501,2843,Weekday
501,2012-05-15,Summer,2012,May,0,Tuesday,Misty,25.08,28.82,79.46,0.147392,625,4490,5115,Weekday
502,2012-05-16,Summer,2012,May,0,Wednesday,Clear,26.1,29.8,69.79,0.122512,991,6433,7424,Weekday
503,2012-05-17,Summer,2012,May,0,Thursday,Clear,24.33,28.63,52.0,0.229475,1242,6142,7384,Weekday
504,2012-05-18,Summer,2012,May,0,Friday,Clear,23.13,27.56,52.33,0.136817,1521,6118,7639,Weekday
505,2012-05-19,Summer,2012,May,0,Saturday,Clear,24.6,28.35,45.62,0.083975,3410,4884,8294,Weekend
506,2012-05-20,Summer,2012,May,0,Sunday,Clear,25.45,29.2,53.04,0.254367,2704,4425,7129,Weekend
507,2012-05-21,Summer,2012,May,0,Monday,Misty,24.53,28.28,81.12,0.233204,630,3729,4359,Weekday
508,2012-05-22,Summer,2012,May,0,Tuesday,Misty,25.22,29.04,76.58,0.118167,819,5254,6073,Weekday
509,2012-05-23,Summer,2012,May,0,Wednesday,Misty,25.49,29.23,77.46,0.102,766,4494,5260,Weekday
510,2012-05-24,Summer,2012,May,0,Thursday,Clear,26.86,30.34,71.67,0.172896,1059,5711,6770,Weekday
511,2012-05-25,Summer,2012,May,0,Friday,Clear,27.88,31.38,74.71,0.14055,1417,5317,6734,Weekday
512,2012-05-26,Summer,2012,May,0,Saturday,Clear,28.39,32.13,73.25,0.198992,2855,3681,6536,Weekend
513,2012-05-27,Summer,2012,May,0,Sunday,Clear,28.29,32.07,69.71,0.215171,3283,3308,6591,Weekend
514,2012-05-28,Summer,2012,May,1,Monday,Clear,29.21,33.97,67.62,0.196521,2557,3486,6043,Weekday
515,2012-05-29,Summer,2012,May,0,Tuesday,Clear,29.62,33.65,68.46,0.2954,880,4863,5743,Weekday
516,2012-05-30,Summer,2012,May,0,Wednesday,Misty,26.92,30.56,67.0,0.134329,745,6110,6855,Weekday
517,2012-05-31,Summer,2012,May,0,Thursday,Clear,27.88,31.57,49.29,0.195279,1100,6238,7338,Weekday
518,2012-06-01,Summer,2012,Jun,0,Friday,Misty,26.82,30.4,75.54,0.237563,533,3594,4127,Weekday
519,2012-06-02,Summer,2012,Jun,0,Saturday,Clear,23.92,28.31,54.92,0.186562,2795,5325,8120,Weekend
520,2012-06-03,Summer,2012,Jun,0,Sunday,Clear,24.7,28.76,49.33,0.184087,2494,5147,7641,Weekend
521,2012-06-04,Summer,2012,Jun,0,Monday,Clear,24.5,28.91,48.71,0.284833,1071,5927,6998,Weekday
522,2012-06-05,Summer,2012,Jun,0,Tuesday,Misty,22.17,26.29,61.33,0.209575,968,6033,7001,Weekday
523,2012-06-06,Summer,2012,Jun,0,Wednesday,Clear,22.72,27.11,61.12,0.077125,1027,6028,7055,Weekday
524,2012-06-07,Summer,2012,Jun,0,Thursday,Clear,24.7,28.47,56.71,0.15735,1038,6456,7494,Weekday
525,2012-06-08,Summer,2012,Jun,0,Friday,Clear,26.62,29.89,46.79,0.175383,1488,6248,7736,Weekday
526,2012-06-09,Summer,2012,Jun,0,Saturday,Clear,29.14,32.42,43.71,0.144287,2708,4790,7498,Weekend
527,2012-06-10,Summer,2012,Jun,0,Sunday,Clear,29.79,33.18,53.83,0.133721,2224,4374,6598,Weekend
528,2012-06-11,Summer,2012,Jun,0,Monday,Misty,29.55,32.99,58.79,0.207713,1017,5647,6664,Weekday
529,2012-06-12,Summer,2012,Jun,0,Tuesday,Misty,26.79,29.89,83.33,0.214546,477,4495,4972,Weekday
530,2012-06-13,Summer,2012,Jun,0,Wednesday,Clear,26.89,30.56,58.21,0.343279,1173,6248,7421,Weekday
531,2012-06-14,Summer,2012,Jun,0,Thursday,Clear,26.58,31.22,56.96,0.253733,1180,6183,7363,Weekday
532,2012-06-15,Summer,2012,Jun,0,Friday,Clear,26.21,29.99,58.96,0.176617,1563,6102,7665,Weekday
533,2012-06-16,Summer,2012,Jun,0,Saturday,Clear,25.9,29.74,50.42,0.166667,2963,4739,7702,Weekend
534,2012-06-17,Summer,2012,Jun,0,Sunday,Clear,24.29,28.6,59.88,0.144904,2634,4344,6978,Weekend
535,2012-06-18,Summer,2012,Jun,0,Monday,Misty,23.3,27.24,77.79,0.174746,653,4446,5099,Weekday
536,2012-06-19,Summer,2012,Jun,0,Tuesday,Clear,28.22,32.73,69.0,0.148017,968,5857,6825,Weekday
537,2012-06-20,Summer,2012,Jun,0,Wednesday,Clear,32.08,36.05,59.21,0.113812,872,5339,6211,Weekday
538,2012-06-21,Fall,2012,Jun,0,Thursday,Clear,33.04,37.63,56.79,0.118787,778,5127,5905,Weekday
539,2012-06-22,Fall,2012,Jun,0,Friday,Clear,31.88,36.21,57.38,0.182842,964,4859,5823,Weekday
540,2012-06-23,Fall,2012,Jun,0,Saturday,Clear,30.0,32.64,53.46,0.179721,2657,4801,7458,Weekend
541,2012-06-24,Fall,2012,Jun,0,Sunday,Clear,30.48,33.71,47.92,0.145525,2551,4340,6891,Weekend
542,2012-06-25,Fall,2012,Jun,0,Monday,Clear,29.35,32.7,50.42,0.300383,1139,5640,6779,Weekday
543,2012-06-26,Fall,2012,Jun,0,Tuesday,Clear,25.86,29.74,37.33,0.347642,1077,6365,7442,Weekday
544,2012-06-27,Fall,2012,Jun,0,Wednesday,Clear,28.6,32.04,36.0,0.271775,1077,6258,7335,Weekday
545,2012-06-28,Fall,2012,Jun,0,Thursday,Clear,30.72,33.78,42.25,0.17165,921,5958,6879,Weekday
546,2012-06-29,Fall,2012,Jun,0,Friday,Clear,34.2,39.33,48.88,0.165417,829,4634,5463,Weekday
547,2012-06-30,Fall,2012,Jun,0,Saturday,Clear,31.36,34.38,60.12,0.161071,1455,4232,5687,Weekend
548,2012-07-01,Fall,2012,Jul,0,Sunday,Clear,33.45,37.53,51.88,0.168529,1421,4110,5531,Weekend
549,2012-07-02,Fall,2012,Jul,0,Monday,Clear,32.05,35.1,44.71,0.195267,904,5323,6227,Weekday
550,2012-07-03,Fall,2012,Jul,0,Tuesday,Clear,32.01,35.13,49.21,0.126237,1052,5608,6660,Weekday
551,2012-07-04,Fall,2012,Jul,1,Wednesday,Clear,32.36,36.62,53.87,0.13495,2562,4841,7403,Weekday
552,2012-07-05,Fall,2012,Jul,0,Thursday,Clear,33.93,38.07,45.79,0.194029,1405,4836,6241,Weekday
553,2012-07-06,Fall,2012,Jul,0,Friday,Clear,33.96,37.63,45.08,0.146142,1366,4841,6207,Weekday
554,2012-07-07,Fall,2012,Jul,0,Saturday,Clear,35.33,40.25,49.21,0.163554,1448,3392,4840,Weekend
555,2012-07-08,Fall,2012,Jul,0,Sunday,Clear,33.72,39.52,57.38,0.125629,1203,3469,4672,Weekend
556,2012-07-09,Fall,2012,Jul,0,Monday,Misty,29.14,32.7,68.33,0.180975,998,5571,6569,Weekday
557,2012-07-10,Fall,2012,Jul,0,Tuesday,Misty,29.55,33.24,66.75,0.151737,954,5336,6290,Weekday
558,2012-07-11,Fall,2012,Jul,0,Wednesday,Clear,29.38,32.51,63.33,0.151733,975,6289,7264,Weekday
559,2012-07-12,Fall,2012,Jul,0,Thursday,Clear,29.35,32.73,52.96,0.146775,1032,6414,7446,Weekday
560,2012-07-13,Fall,2012,Jul,0,Friday,Misty,30.0,33.4,48.58,0.08085,1511,5988,7499,Weekday
561,2012-07-14,Fall,2012,Jul,0,Saturday,Misty,28.84,33.3,69.92,0.143679,2355,4614,6969,Weekend
562,2012-07-15,Fall,2012,Jul,0,Sunday,Clear,30.58,35.26,71.79,0.166667,1920,4111,6031,Weekend
563,2012-07-16,Fall,2012,Jul,0,Monday,Clear,31.3,36.21,64.5,0.164187,1088,5742,6830,Weekday
564,2012-07-17,Fall,2012,Jul,0,Tuesday,Clear,33.55,37.78,50.58,0.114429,921,5865,6786,Weekday
565,2012-07-18,Fall,2012,Jul,0,Wednesday,Clear,32.53,37.28,57.71,0.137442,799,4914,5713,Weekday
566,2012-07-19,Fall,2012,Jul,0,Thursday,Clear,31.57,35.73,60.04,0.165429,888,5703,6591,Weekday
567,2012-07-20,Fall,2012,Jul,0,Friday,Misty,27.3,30.65,84.42,0.208967,747,5123,5870,Weekday
568,2012-07-21,Fall,2012,Jul,0,Saturday,Light_Rain,24.43,27.5,86.54,0.2133,1264,3195,4459,Weekend
569,2012-07-22,Fall,2012,Jul,0,Sunday,Misty,27.37,31.16,76.25,0.0939208,2544,4866,7410,Weekend
570,2012-07-23,Fall,2012,Jul,0,Monday,Clear,30.41,34.5,69.42,0.138683,1135,5831,6966,Weekday
571,2012-07-24,Fall,2012,Jul,0,Tuesday,Clear,30.78,35.32,65.5,0.211454,1140,6452,7592,Weekday
572,2012-07-25,Fall,2012,Jul,0,Wednesday,Clear,29.69,32.7,45.0,0.1648,1383,6790,8173,Weekday
573,2012-07-26,Fall,2012,Jul,0,Thursday,Clear,31.84,36.96,59.67,0.284813,1036,5825,6861,Weekday
574,2012-07-27,Fall,2012,Jul,0,Friday,Clear,32.05,36.71,59.46,0.152992,1259,5645,6904,Weekday
575,2012-07-28,Fall,2012,Jul,0,Saturday,Clear,30.99,34.88,61.33,0.15735,2234,4451,6685,Weekend
576,2012-07-29,Fall,2012,Jul,0,Sunday,Clear,29.59,33.4,62.38,0.170396,2153,4444,6597,Weekend
577,2012-07-30,Fall,2012,Jul,0,Monday,Clear,29.96,34.25,66.88,0.153617,1040,6065,7105,Weekday
578,2012-07-31,Fall,2012,Jul,0,Tuesday,Clear,29.25,33.14,70.42,0.165425,968,6248,7216,Weekday
579,2012-08-01,Fall,2012,Aug,0,Wednesday,Clear,29.42,33.37,67.75,0.141179,1074,6506,7580,Weekday
580,2012-08-02,Fall,2012,Aug,0,Thursday,Clear,30.85,35.35,65.96,0.129354,983,6278,7261,Weekday
581,2012-08-03,Fall,2012,Aug,0,Friday,Misty,31.4,36.14,64.25,0.215792,1328,5847,7175,Weekday
582,2012-08-04,Fall,2012,Aug,0,Saturday,Clear,32.53,37.56,61.33,0.257458,2345,4479,6824,Weekend
583,2012-08-05,Fall,2012,Aug,0,Sunday,Clear,31.54,36.55,65.25,0.290421,1707,3757,5464,Weekend
584,2012-08-06,Fall,2012,Aug,0,Monday,Misty,30.85,35.51,65.42,0.129354,1233,5780,7013,Weekday
585,2012-08-07,Fall,2012,Aug,0,Tuesday,Misty,30.17,34.88,70.38,0.116908,1278,5995,7273,Weekday
586,2012-08-08,Fall,2012,Aug,0,Wednesday,Misty,30.75,35.39,67.29,0.1107,1263,6271,7534,Weekday
587,2012-08-09,Fall,2012,Aug,0,Thursday,Clear,30.99,34.98,62.04,0.1561,1196,6090,7286,Weekday
588,2012-08-10,Fall,2012,Aug,0,Friday,Misty,29.35,33.4,71.58,0.238813,1065,4721,5786,Weekday
589,2012-08-11,Fall,2012,Aug,0,Saturday,Misty,28.39,31.91,73.29,0.206479,2247,4052,6299,Weekend
590,2012-08-12,Fall,2012,Aug,0,Sunday,Clear,28.73,32.23,53.04,0.122512,2182,4362,6544,Weekend
591,2012-08-13,Fall,2012,Aug,0,Monday,Clear,29.55,33.11,54.54,0.136212,1207,5676,6883,Weekday
592,2012-08-14,Fall,2012,Aug,0,Tuesday,Clear,29.79,33.84,68.67,0.169158,1128,5656,6784,Weekday
593,2012-08-15,Fall,2012,Aug,0,Wednesday,Clear,28.97,32.7,61.96,0.169771,1198,6149,7347,Weekday
594,2012-08-16,Fall,2012,Aug,0,Thursday,Clear,29.49,32.73,51.92,0.141796,1338,6267,7605,Weekday
595,2012-08-17,Fall,2012,Aug,0,Friday,Clear,29.66,12.12,57.08,0.231354,1483,5665,7148,Weekday
596,2012-08-18,Fall,2012,Aug,0,Saturday,Clear,27.81,30.9,60.33,0.177867,2827,5038,7865,Weekend
597,2012-08-19,Fall,2012,Aug,0,Sunday,Misty,26.07,30.18,71.17,0.08645,1208,3341,4549,Weekend
598,2012-08-20,Fall,2012,Aug,0,Monday,Misty,26.07,29.8,73.42,0.129979,1026,5504,6530,Weekday
599,2012-08-21,Fall,2012,Aug,0,Tuesday,Clear,26.62,30.05,67.38,0.0727708,1081,5925,7006,Weekday
600,2012-08-22,Fall,2012,Aug,0,Wednesday,Clear,27.37,31.09,67.71,0.0702833,1094,6281,7375,Weekday
601,2012-08-23,Fall,2012,Aug,0,Thursday,Clear,28.53,31.85,63.58,0.0845958,1363,6402,7765,Weekday
602,2012-08-24,Fall,2012,Aug,0,Friday,Misty,28.8,32.36,61.5,0.0721458,1325,6257,7582,Weekday
603,2012-08-25,Fall,2012,Aug,0,Saturday,Misty,27.13,30.93,71.29,0.244408,1829,4224,6053,Weekend
604,2012-08-26,Fall,2012,Aug,0,Sunday,Misty,26.79,29.8,84.58,0.228858,1483,3772,5255,Weekend
605,2012-08-27,Fall,2012,Aug,0,Monday,Clear,28.84,32.73,73.04,0.128733,989,5928,6917,Weekday
606,2012-08-28,Fall,2012,Aug,0,Tuesday,Clear,29.86,33.3,62.0,0.190925,935,6105,7040,Weekday
607,2012-08-29,Fall,2012,Aug,0,Wednesday,Clear,28.08,31.79,55.21,0.112562,1177,6520,7697,Weekday
608,2012-08-30,Fall,2012,Aug,0,Thursday,Clear,28.97,32.64,59.04,0.0771167,1172,6541,7713,Weekday
609,2012-08-31,Fall,2012,Aug,0,Friday,Clear,31.33,34.47,58.75,0.168533,1433,5917,7350,Weekday
610,2012-09-01,Fall,2012,Sep,0,Saturday,Misty,30.89,35.13,63.83,0.113187,2352,3788,6140,Weekend
611,2012-09-02,Fall,2012,Sep,0,Sunday,Misty,28.56,32.45,81.5,0.0640708,2613,3197,5810,Weekend
612,2012-09-03,Fall,2012,Sep,1,Monday,Clear,29.01,33.08,79.08,0.151121,1965,4069,6034,Weekday
613,2012-09-04,Fall,2012,Sep,0,Tuesday,Clear,29.76,34.34,75.5,0.236321,867,5997,6864,Weekday
614,2012-09-05,Fall,2012,Sep,0,Wednesday,Clear,30.2,35.45,74.12,0.187808,832,6280,7112,Weekday
615,2012-09-06,Fall,2012,Sep,0,Thursday,Misty,28.56,32.77,81.04,0.142421,611,5592,6203,Weekday
616,2012-09-07,Fall,2012,Sep,0,Friday,Clear,28.84,32.86,73.62,0.171646,1045,6459,7504,Weekday
617,2012-09-08,Fall,2012,Sep,0,Saturday,Misty,27.03,30.56,79.92,0.281104,1557,4419,5976,Weekend
618,2012-09-09,Fall,2012,Sep,0,Sunday,Clear,25.01,28.95,54.75,0.224496,2570,5657,8227,Weekend
619,2012-09-10,Fall,2012,Sep,0,Monday,Clear,23.92,28.28,50.38,0.258713,1118,6407,7525,Weekday
620,2012-09-11,Fall,2012,Sep,0,Tuesday,Clear,23.68,27.71,52.0,0.0920542,1070,6697,7767,Weekday
621,2012-09-12,Fall,2012,Sep,0,Wednesday,Clear,24.57,28.5,57.71,0.131846,1050,6820,7870,Weekday
622,2012-09-13,Fall,2012,Sep,0,Thursday,Clear,25.11,28.98,63.71,0.0827208,1054,6750,7804,Weekday
623,2012-09-14,Fall,2012,Sep,0,Friday,Clear,25.97,29.7,67.25,0.103863,1379,6630,8009,Weekday
624,2012-09-15,Fall,2012,Sep,0,Saturday,Clear,24.94,29.29,50.17,0.247521,3160,5554,8714,Weekend
625,2012-09-16,Fall,2012,Sep,0,Sunday,Clear,23.78,28.16,57.0,0.0901833,2166,5167,7333,Weekend
626,2012-09-17,Fall,2012,Sep,0,Monday,Misty,23.81,27.65,73.46,0.151742,1022,5847,6869,Weekday
627,2012-09-18,Fall,2012,Sep,0,Tuesday,Misty,25.56,28.25,87.25,0.357587,371,3702,4073,Weekday
628,2012-09-19,Fall,2012,Sep,0,Wednesday,Clear,22.65,27.02,53.67,0.215175,788,6803,7591,Weekday
629,2012-09-20,Fall,2012,Sep,0,Thursday,Clear,22.41,26.61,61.83,0.118167,939,6781,7720,Weekday
630,2012-09-21,Fall,2012,Sep,0,Friday,Clear,24.57,28.6,66.88,0.154229,1250,6917,8167,Weekday
631,2012-09-22,Fall,2012,Sep,0,Saturday,Clear,26.65,30.52,64.67,0.283583,2512,5883,8395,Weekend
632,2012-09-23,Winter,2012,Sep,0,Sunday,Clear,21.7,25.95,46.71,0.223258,2454,5453,7907,Weekend
633,2012-09-24,Winter,2012,Sep,0,Monday,Clear,21.08,25.13,49.29,0.142404,1001,6435,7436,Weekday
634,2012-09-25,Winter,2012,Sep,0,Tuesday,Clear,22.55,27.21,57.0,0.236321,845,6693,7538,Weekday
635,2012-09-26,Winter,2012,Sep,0,Wednesday,Clear,26.04,29.83,63.08,0.2444,787,6946,7733,Weekday
636,2012-09-27,Winter,2012,Sep,0,Thursday,Misty,26.65,30.4,69.08,0.134342,751,6642,7393,Weekday
637,2012-09-28,Winter,2012,Sep,0,Friday,Misty,25.39,29.29,69.0,0.164179,1045,6370,7415,Weekday
638,2012-09-29,Winter,2012,Sep,0,Saturday,Clear,22.24,26.51,54.29,0.227604,2589,5966,8555,Weekend
639,2012-09-30,Winter,2012,Sep,0,Sunday,Clear,21.59,25.88,58.33,0.134958,2015,4874,6889,Weekend
640,2012-10-01,Winter,2012,Oct,0,Monday,Misty,21.35,25.6,64.92,0.0908042,763,6015,6778,Weekday
641,2012-10-02,Winter,2012,Oct,0,Tuesday,Light_Rain,24.22,27.12,87.17,0.104475,315,4324,4639,Weekday
642,2012-10-03,Winter,2012,Oct,0,Wednesday,Misty,26.96,29.96,79.38,0.0665458,728,6844,7572,Weekday
643,2012-10-04,Winter,2012,Oct,0,Thursday,Misty,26.96,30.4,72.29,0.117546,891,6437,7328,Weekday
644,2012-10-05,Winter,2012,Oct,0,Friday,Clear,25.22,29.01,62.75,0.10635,1516,6640,8156,Weekday
645,2012-10-06,Winter,2012,Oct,0,Saturday,Clear,22.72,26.93,66.42,0.268025,3031,4934,7965,Weekend
646,2012-10-07,Winter,2012,Oct,0,Sunday,Misty,17.05,20.99,70.83,0.141162,781,2729,3510,Weekend
647,2012-10-08,Winter,2012,Oct,1,Monday,Misty,15.72,19.38,70.96,0.189679,874,4604,5478,Weekday
648,2012-10-09,Winter,2012,Oct,0,Tuesday,Misty,18.31,21.91,76.17,0.1903,601,5791,6392,Weekday
649,2012-10-10,Winter,2012,Oct,0,Wednesday,Clear,21.08,25.16,63.08,0.187821,780,6911,7691,Weekday
650,2012-10-11,Winter,2012,Oct,0,Thursday,Clear,17.84,21.56,46.33,0.181596,834,6736,7570,Weekday
651,2012-10-12,Winter,2012,Oct,0,Friday,Clear,17.94,21.65,53.92,0.235092,1060,6222,7282,Weekday
652,2012-10-13,Winter,2012,Oct,0,Saturday,Clear,16.13,19.57,49.46,0.146142,2252,4857,7109,Weekend
653,2012-10-14,Winter,2012,Oct,0,Sunday,Clear,21.39,25.41,64.04,0.278612,2080,4559,6639,Weekend
654,2012-10-15,Winter,2012,Oct,0,Monday,Misty,23.03,26.96,70.75,0.296037,760,5115,5875,Weekday
655,2012-10-16,Winter,2012,Oct,0,Tuesday,Clear,19.2,23.04,55.83,0.182221,922,6612,7534,Weekday
656,2012-10-17,Winter,2012,Oct,0,Wednesday,Clear,18.69,22.51,69.29,0.101371,979,6482,7461,Weekday
657,2012-10-18,Winter,2012,Oct,0,Thursday,Misty,21.42,25.63,72.83,0.236937,1008,6501,7509,Weekday
658,2012-10-19,Winter,2012,Oct,0,Friday,Misty,23.1,26.89,81.5,0.134954,753,4671,5424,Weekday
659,2012-10-20,Winter,2012,Oct,0,Saturday,Clear,19.85,23.64,57.29,0.117537,2806,5284,8090,Weekend
660,2012-10-21,Winter,2012,Oct,0,Sunday,Clear,19.03,22.82,51.0,0.166054,2132,4692,6824,Weekend
661,2012-10-22,Winter,2012,Oct,0,Monday,Clear,19.99,24.15,56.83,0.0814833,830,6228,7058,Weekday
662,2012-10-23,Winter,2012,Oct,0,Tuesday,Clear,22.31,26.52,64.17,0.0945458,841,6625,7466,Weekday
663,2012-10-24,Winter,2012,Oct,0,Wednesday,Clear,24.09,27.94,63.62,0.0727792,795,6898,7693,Weekday
664,2012-10-25,Winter,2012,Oct,0,Thursday,Misty,22.55,26.48,80.04,0.124375,875,6484,7359,Weekday
665,2012-10-26,Winter,2012,Oct,0,Friday,Misty,22.38,26.14,80.71,0.132467,1182,6262,7444,Weekday
666,2012-10-27,Winter,2012,Oct,0,Saturday,Misty,21.73,25.76,72.0,0.235692,2643,5209,7852,Weekend
667,2012-10-28,Winter,2012,Oct,0,Sunday,Misty,19.58,23.39,69.46,0.398008,998,3461,4459,Weekend
668,2012-10-29,Winter,2012,Oct,0,Monday,Light_Rain,18.04,21.97,88.0,0.3582,2,20,22,Weekday
669,2012-10-30,Winter,2012,Oct,0,Tuesday,Misty,13.05,15.5,82.55,0.213009,87,1009,1096,Weekday
670,2012-10-31,Winter,2012,Oct,0,Wednesday,Misty,14.66,18.06,66.67,0.166667,419,5147,5566,Weekday
671,2012-11-01,Winter,2012,Nov,0,Thursday,Misty,15.0,18.5,58.17,0.157346,466,5520,5986,Weekday
672,2012-11-02,Winter,2012,Nov,0,Friday,Clear,14.56,17.8,52.21,0.266175,618,5229,5847,Weekday
673,2012-11-03,Winter,2012,Nov,0,Saturday,Misty,14.08,16.19,49.12,0.270529,1029,4109,5138,Weekend
674,2012-11-04,Winter,2012,Nov,0,Sunday,Clear,13.36,16.48,53.29,0.179108,1201,3906,5107,Weekend
675,2012-11-05,Winter,2012,Nov,0,Monday,Clear,13.09,15.4,49.42,0.236325,378,4881,5259,Weekday
676,2012-11-06,Winter,2012,Nov,0,Tuesday,Clear,11.51,14.08,56.71,0.173513,466,5220,5686,Weekday
677,2012-11-07,Winter,2012,Nov,0,Wednesday,Misty,12.13,13.73,54.75,0.304108,326,4709,5035,Weekday
678,2012-11-08,Winter,2012,Nov,0,Thursday,Clear,14.44,17.09,33.35,0.347835,340,4975,5315,Weekday
679,2012-11-09,Winter,2012,Nov,0,Friday,Clear,14.83,17.77,54.08,0.214558,709,5283,5992,Weekday
680,2012-11-10,Winter,2012,Nov,0,Saturday,Clear,15.96,19.7,64.54,0.0578458,2090,4446,6536,Weekend
681,2012-11-11,Winter,2012,Nov,0,Sunday,Clear,17.25,21.09,65.92,0.1275,2290,4562,6852,Weekend
682,2012-11-12,Winter,2012,Nov,1,Monday,Clear,19.88,23.77,74.17,0.173517,1097,5172,6269,Weekday
683,2012-11-13,Winter,2012,Nov,0,Tuesday,Misty,14.08,16.16,66.29,0.342046,327,3767,4094,Weekday
684,2012-11-14,Winter,2012,Nov,0,Wednesday,Clear,11.86,14.08,55.21,0.199625,373,5122,5495,Weekday
685,2012-11-15,Winter,2012,Nov,0,Thursday,Misty,13.19,16.22,62.04,0.152987,320,5125,5445,Weekday
686,2012-11-16,Winter,2012,Nov,0,Friday,Clear,14.14,17.36,52.46,0.171025,484,5214,5698,Weekday
687,2012-11-17,Winter,2012,Nov,0,Saturday,Clear,13.32,16.32,54.54,0.179729,1313,4316,5629,Weekend
688,2012-11-18,Winter,2012,Nov,0,Sunday,Clear,14.04,16.89,69.29,0.227612,922,3747,4669,Weekend
689,2012-11-19,Winter,2012,Nov,0,Monday,Misty,15.61,18.78,62.33,0.235067,449,5050,5499,Weekday
690,2012-11-20,Winter,2012,Nov,0,Tuesday,Misty,15.34,19.03,68.5,0.082725,534,5100,5634,Weekday
691,2012-11-21,Winter,2012,Nov,0,Wednesday,Clear,14.49,18.24,61.38,0.103246,615,4531,5146,Weekday
692,2012-11-22,Winter,2012,Nov,1,Thursday,Clear,13.94,17.52,58.04,0.0528708,955,1470,2425,Weekday
693,2012-11-23,Winter,2012,Nov,0,Friday,Clear,15.1,18.94,56.88,0.148021,1603,2307,3910,Weekday
694,2012-11-24,Winter,2012,Nov,0,Saturday,Clear,11.41,12.44,40.46,0.376871,532,1745,2277,Weekend
695,2012-11-25,Winter,2012,Nov,0,Sunday,Clear,10.08,12.88,46.83,0.1505,309,2115,2424,Weekend
696,2012-11-26,Winter,2012,Nov,0,Monday,Clear,12.85,16.95,53.54,0.04665,337,4750,5087,Weekday
697,2012-11-27,Winter,2012,Nov,0,Tuesday,Misty,11.96,14.08,78.67,0.237562,123,3836,3959,Weekday
698,2012-11-28,Winter,2012,Nov,0,Wednesday,Clear,12.16,14.49,50.62,0.210821,198,5062,5260,Weekday
699,2012-11-29,Winter,2012,Nov,0,Thursday,Clear,11.52,14.92,55.57,0.115522,243,5080,5323,Weekday
700,2012-11-30,Winter,2012,Nov,0,Friday,Clear,12.23,16.19,64.96,0.0584708,362,5306,5668,Weekday
701,2012-12-01,Winter,2012,Dec,0,Saturday,Misty,12.23,15.85,80.67,0.0597042,951,4240,5191,Weekend
702,2012-12-02,Winter,2012,Dec,0,Sunday,Misty,14.25,17.96,82.33,0.124379,892,3757,4649,Weekend
703,2012-12-03,Winter,2012,Dec,0,Monday,Clear,18.55,22.79,76.75,0.0827208,555,5679,6234,Weekday
704,2012-12-04,Winter,2012,Dec,0,Tuesday,Clear,19.51,23.45,73.38,0.174129,551,6055,6606,Weekday
705,2012-12-05,Winter,2012,Dec,0,Wednesday,Clear,17.97,21.4,48.5,0.324021,331,5398,5729,Weekday
706,2012-12-06,Winter,2012,Dec,0,Thursday,Clear,10.49,12.91,50.88,0.174754,340,5035,5375,Weekday
707,2012-12-07,Winter,2012,Dec,0,Friday,Misty,13.15,16.1,76.42,0.1306,349,4659,5008,Weekday
708,2012-12-08,Winter,2012,Dec,0,Saturday,Misty,15.65,19.48,91.12,0.101379,1153,4429,5582,Weekend
709,2012-12-09,Winter,2012,Dec,0,Sunday,Misty,15.75,19.51,90.54,0.157975,441,2787,3228,Weekend
710,2012-12-10,Winter,2012,Dec,0,Monday,Misty,17.87,21.78,92.5,0.190308,329,4841,5170,Weekday
711,2012-12-11,Winter,2012,Dec,0,Tuesday,Misty,14.49,16.92,59.67,0.296037,282,5219,5501,Weekday
712,2012-12-12,Winter,2012,Dec,0,Wednesday,Misty,12.2,14.87,53.83,0.162937,310,5009,5319,Weekday
713,2012-12-13,Winter,2012,Dec,0,Thursday,Clear,12.13,14.71,48.58,0.174129,425,5107,5532,Weekday
714,2012-12-14,Winter,2012,Dec,0,Friday,Clear,11.55,14.71,64.29,0.131229,429,5182,5611,Weekday
715,2012-12-15,Winter,2012,Dec,0,Saturday,Clear,13.29,16.92,65.04,0.10635,767,4280,5047,Weekend
716,2012-12-16,Winter,2012,Dec,0,Sunday,Misty,14.86,18.5,83.88,0.100742,538,3248,3786,Weekend
717,2012-12-17,Winter,2012,Dec,0,Monday,Misty,16.13,20.08,90.71,0.0982583,212,4373,4585,Weekday
718,2012-12-18,Winter,2012,Dec,0,Tuesday,Clear,16.84,20.49,66.62,0.221404,433,5124,5557,Weekday
719,2012-12-19,Winter,2012,Dec,0,Wednesday,Clear,13.63,17.11,62.54,0.184092,333,4934,5267,Weekday
720,2012-12-20,Winter,2012,Dec,0,Thursday,Misty,13.53,16.76,66.79,0.132463,314,3814,4128,Weekday
721,2012-12-21,Spring,2012,Dec,0,Friday,Misty,13.39,15.09,55.67,0.374383,221,3402,3623,Weekday
722,2012-12-22,Spring,2012,Dec,0,Saturday,Clear,10.9,11.81,44.12,0.407346,205,1544,1749,Weekend
723,2012-12-23,Spring,2012,Dec,0,Sunday,Clear,10.08,12.97,51.54,0.133083,408,1379,1787,Weekend
724,2012-12-24,Spring,2012,Dec,0,Monday,Misty,9.48,12.94,79.13,0.0772304,174,746,920,Weekday
725,2012-12-25,Spring,2012,Dec,1,Tuesday,Misty,11.94,14.72,73.48,0.168726,440,573,1013,Weekday
726,2012-12-26,Spring,2012,Dec,0,Wednesday,Light_Rain,9.98,11.02,82.33,0.316546,9,432,441,Weekday
727,2012-12-27,Spring,2012,Dec,0,Thursday,Misty,10.42,11.33,65.29,0.350133,247,1867,2114,Weekday
728,2012-12-28,Spring,2012,Dec,0,Friday,Misty,10.39,12.75,59.0,0.155471,644,2451,3095,Weekday
729,2012-12-29,Spring,2012,Dec,0,Saturday,Misty,10.39,12.12,75.29,0.124383,159,1182,1341,Weekend
730,2012-12-30,Spring,2012,Dec,0,Sunday,Clear,10.49,11.58,48.33,0.350754,364,1432,1796,Weekend
731,2012-12-31,Spring,2012,Dec,0,Monday,Misty,8.85,11.17,57.75,0.154846,439,2290,2729,Weekday
